,player_id,player_name,bat_style,bowl_style,field_pos,player_full_name,player_name2,player_image
0,6730,Mohsin Khan,Left hand Bat,Left arm Medium fast,Not Specifed,Mohsin Khan,Mohsin Khan,Not Available
1,22,Rashid Khan,Right hand Bat,Legbreak Googly,Not Specifed,Rashid Khan Arman,Rashid Khan,https://www.espncricinfo.com/cricketers/rashid-khan-793463
2,590,K Rabada,Left hand Bat,Right arm Fast,Not Specifed,Kagiso Rabada,Kagiso Rabada,https://ipl-stats-sports-mechanic.s3.ap-south-1.amazonaws.com/ipl/playerimages/Kagiso%20Rabada.png
3,1424,SN Khan,Right hand Bat,Legbreak,Not Specifed,Sarfaraz Naushad Khan,Sarfaraz Naushad,Not Available
4,963,MN Samuels,Right hand Bat,Right arm Offbreak,Not Specifed,Marlon Nathaniel Samuels,Marlon Nathaniel,Not Available
5,53,SB Jakati,Left hand Bat,Slow Left arm Orthodox,Not Specifed,Shadab Bashir Jakati,Shadab Bashir,Not Available
6,12,DA Warner,Left hand Bat,Legbreak,Not Specifed,David Andrew Warner,David Andrew,https://ipl-stats-sports-mechanic.s3.ap-south-1.amazonaws.com/ipl/playerimages/David%20Warner.png
7,73,MP Stoinis,Right hand Bat,Right arm Medium,Not Specifed,Marcus Peter Stoinis,Marcus Peter,Not Available
8,1119,R Tewatia,Left hand Bat,Legbreak,Not Specifed,Rahul Tewatia,Rahul Tewatia,https://www.espncricinfo.com/cricketers/rahul-tewatia-423838
9,268,RA Tripathi,Right hand Bat,Right arm Medium,Not Specifed,Rahul Ajay Tripathi,Rahul Ajay,Not Available
10,163,RD Chahar,Right hand Bat,Legbreak Googly,Not Specifed,Rahul Desraj Chahar,Rahul Desraj,Not Available
11,186,S Nadeem,Right hand Bat,Slow Left arm Orthodox,Not Specifed,Shahbaz Nadeem,Shahbaz Nadeem,Not Available
12,59,MK Pandey,Right hand Bat,Right arm Medium,Not Specifed,Manish Krishnanand Pandey,Manish Krishnanand,Not Available
13,531,KS Williamson,Right hand Bat,Right arm Offbreak,Not Specifed,Kane Stuart Williamson,Kane Stuart,https://ipl-stats-sports-mechanic.s3.ap-south-1.amazonaws.com/ipl/playerimages/Kane%20Williamson.png
14,56,G Gambhir,Left hand Bat,Legbreak,Not Specifed,Gautam Gambhir,Gautam Gambhir,https://documents.iplt20.com/playerheadshot/ipl/284/84.png
15,39,MK Tiwary,Right hand Bat,Legbreak Googly,Not Specifed,Manoj Kumar Tiwary,Manoj Kumar,Not Available
16,68,M Vohra,Right hand Bat,Right arm Medium,Not Specifed,Manan Vohra,Manan Vohra,Not Available
17,638,NB Singh,Right hand Bat,Right arm Medium,Not Specifed,Nathu Bharat Singh,Nathu Bharat,Not Available
18,40,R Bhatia,Right hand Bat,Right arm Medium fast,Not Specifed,Rajat Bhatia,Rajat Bhatia,Not Available
19,1233,SS Tiwary,Left hand Bat, ,Not Specifed,Saurabh Sunil Tiwary,Saurabh Sunil,Not Available
20,1396,MA Wood,Right hand Bat,Right arm Fast,Not Specifed,Mark Andrew Wood,Mark Andrew,Not Available
21,47,SK Raina,Left hand Bat,Right arm Offbreak,Not Specifed,Suresh Kumar Raina,Suresh Kumar,Not Available
22,1242,R Vinay Kumar,Right hand Bat,Right arm Medium,Not Specifed,Ranganath Vinay Kumar,Ranganath Vinay,Not Available
23,541,SE Marsh,Left hand Bat,Slow Left arm Orthodox,Not Specifed,Shaun Edward Marsh,Shaun Edward,https://cricclubs.com/documentsRep/profilePics/6c5d3a99-b18a-47b6-ba2e-5dae071b3452.png
24,6,Sachin Baby,Left hand Bat,Right arm Offbreak,Not Specifed,Sachin Baby,Sachin Baby,https://www.espncricinfo.com/cricketers/sachin-baby-432783
25,525,J Yadav,Right hand Bat,Right arm Offbreak,Not Specifed,Jayant Yadav,Jayant Yadav,https://www.espncricinfo.com/cricketers/jayant-yadav-447587
26,70,AR Patel,Left hand Bat,Slow Left arm Orthodox,Not Specifed,Axar Rajeshbhai Patel,Axar Rajeshbhai,Not Available
27,63,PP Chawla,Left hand Bat,Legbreak,Not Specifed,Piyush Pramod Chawla,Piyush Pramod,Not Available
28,30,HH Pandya,Right hand Bat,Right arm Medium fast,Not Specifed,Hardik Himanshu Pandya,Hardik Himanshu,Not Available
29,36,SPD Smith,Right hand Bat,Legbreak Googly,Not Specifed,Steven Peter Devereux Smith,Steven Peter,Not Available
30,55,S Kaushik,Right hand Bat,Left arm Wrist spin,Not Specifed,Shivil Kaushik,Shivil Kaushik,Not Available
31,52,P Kumar,Right hand Bat,Right arm Medium,Not Specifed,Praveenkumar Sakat Singh,Praveenkumar Sakat,Not Available
32,41,DL Chahar,Right hand Bat,Right arm Medium,Not Specifed,Deepak Lokandersingh Chahar,Deepak Lokandersingh,Not Available
33,1429,K Khejroliya,Left hand Bat,Left arm Medium fast,Not Specifed,Kulwant Khejroliya,Kulwant Khejroliya,https://www.espncricinfo.com/cricketers/kulwant-khejroliya-1083033
34,32,MJ McClenaghan,Left hand Bat,Left arm Fast medium,Not Specifed,Mitchell John McClenaghan,Mitchell John,Not Available
35,457,AD Mathews,Right hand Bat,Right arm Medium,Not Specifed,Angelo Davis Mathews,Angelo Davis,Not Available
36,1286,Avesh Khan,Right hand Bat,Right arm Fast medium,Not Specifed,Avesh Khan,Avesh Khan,https://www.espncricinfo.com/cricketers/avesh-khan-694211
37,45,JJ Roy,Right hand Bat, ,Not Specifed,Jason Jonathan Roy,Jason Jonathan,Not Available
38,43,AB Dinda,Right hand Bat,Right arm Medium fast,Not Specifed,Ashok Bhimchandra Dinda,Ashok Bhimchandra,Not Available
39,579,Shakib Al Hasan,Left hand Bat,Slow Left arm Orthodox,Not Specifed,Shakib Al Hasan,Shakib Al,Not Available
40,1448,K Gowtham,Right hand Bat,Right arm Offbreak,Not Specifed,Krishnappa Gowtham,Krishnappa Gowtham,Not Available
41,72,DA Miller,Left hand Bat,Right arm Offbreak,Not Specifed,David Andrew Miller,David Andrew,Not Available
42,60,YK Pathan,Right hand Bat,Right arm Offbreak,Not Specifed,Yusuf Khan Pathan,Yusuf Khan,Not Available
43,7,STR Binny,Right hand Bat,Right arm Medium,Not Specifed,Stuart Terence Roger Binny,Stuart Terence,Not Available
44,3,TM Head,Left hand Bat,Right arm Offbreak,Wicketkeeper,Travis Michael Head,Travis Michael,https://ipl-stats-sports-mechanic.s3.ap-south-1.amazonaws.com/ipl/playerimages/Travis%20Head.png
45,173,Iqbal Abdulla,Left hand Bat,Slow Left arm Orthodox,Not Specifed,Sayed Iqbal Abdulla,Sayed Iqbal,Not Available
46,15,Yuvraj Singh,Left hand Bat,Slow Left arm Orthodox,Not Specifed,Yuvraj Singh,Yuvraj Singh,Not Available
47,74,Swapnil Singh,Right hand Bat,Slow Left arm Orthodox,Not Specifed,Swapnil Singh,Swapnil Singh,https://www.espncricinfo.com/cricketers/swapnil-singh-232292
48,760,MJ Guptill,Right hand Bat,Right arm Offbreak,Not Specifed,Martin James Guptill,Martin James,Not Available
49,182,CH Morris,Right hand Bat,Right arm Fast medium,Not Specifed,Christopher Henry Morris,Christopher Henry,Not Available
50,361,LH Ferguson,Right hand Bat,Right arm Fast,Not Specifed,Lachlan Hammond Ferguson,Lachlan Hammond,Not Available
51,1285,HV Patel,Right hand Bat,Right arm Medium,Not Specifed,Harshal Vikram Patel,Harshal Vikram,https://ipl-stats-sports-mechanic.s3.ap-south-1.amazonaws.com/ipl/playerimages/Harshal%20Patel.png
52,1449,S Gopal,Right hand Bat,Legbreak,Not Specifed,Shreyas Gopal,Shreyas Gopal,https://www.espncricinfo.com/cricketers/shreyas-gopal-344580
53,405,KC Cariappa,Right hand Bat,Legbreak,Not Specifed,Konganda Charamanna Cariappa,Konganda Charamanna,Not Available
54,196,Basil Thampi,Right hand Bat,Right arm Fast medium,Not Specifed,Basil Thampi,Basil Thampi,Not Available
55,744,AR Bawne,Right hand Bat,Right arm Offbreak,Not Specifed,Ankit Ramdas Bawne,Ankit Ramdas,Not Available
56,676,KV Sharma,Left hand Bat,Legbreak Googly,Not Specifed,Karn Vinod Sharma,Karn Vinod,Not Available
57,171,Vishnu Vinod,Right hand Bat, ,Wicketkeeper,Vishnu Vinod,Vishnu Vinod,https://www.espncricinfo.com/cricketers/vishnu-vinod-732293
58,332,V Kohli,Right hand Bat,Right arm Medium,Not Specifed,Virat Kohli,Virat Kohli,https://ipl-stats-sports-mechanic.s3.ap-south-1.amazonaws.com/ipl/playerimages/Virat%20Kohli.png
59,28,KH Pandya,Left hand Bat,Slow Left arm Orthodox,Not Specifed,Krunal Himanshu Pandya,Krunal Himanshu,Not Available
60,448,AF Milne,Right hand Bat,Right arm Fast,Not Specifed,Adam Fraser Milne,Adam Fraser,Not Available
61,20,B Kumar,Right hand Bat,Right arm Medium,Not Specifed,Bhuvneshwar Kumar Singh,Bhuvneshwar Kumar,https://ipl-stats-sports-mechanic.s3.ap-south-1.amazonaws.com/ipl/playerimages/Bhuvneshwar%20Kumar.png
62,347,Ishan Kishan,Left hand Bat, ,Wicketkeeper,Ishan Pranav Kumar Pandey Kishan,Ishan Pranav,https://ipl-stats-sports-mechanic.s3.ap-south-1.amazonaws.com/ipl/playerimages/Ishan%20Kishan.png
63,65,SP Narine,Left hand Bat,Right arm Offbreak,Not Specifed,Sunil Philip Narine,Sunil Philip,Not Available
64,359,Ankit Sharma,Left hand Bat,Slow Left arm Orthodox,Not Specifed,Ankit Nagendra Sharma,Ankit Nagendra,Not Available
65,187,Z Khan,Right hand Bat,Left arm Fast medium,Not Specifed,Zaheer Khan,Zaheer Khan,Not Available
66,185,A Mishra,Right hand Bat,Legbreak,Not Specifed,Amit Mishra,Amit Mishra,Not Available
67,726,Ankit Soni,Right hand Bat,Legbreak,Not Specifed,Ankit Soni,Ankit Soni,Not Available
68,197,Tejas Baroka,Right hand Bat,Legbreak Googly,Not Specifed,Tejas Baroka,Tejas Baroka,Not Available
69,5,SR Watson,Right hand Bat,Right arm Fast medium,Not Specifed,Shane Robert Watson,Shane Robert,Not Available
70,460,Mohammed Shami,Right hand Bat,Right arm Fast,Not Specifed,Mohammed Shami Ahmed,Mohammed Shami,https://ipl-stats-sports-mechanic.s3.ap-south-1.amazonaws.com/ipl/playerimages/Mohammad%20Shami.png
71,351,AJ Tye,Right hand Bat,Right arm Medium fast,Not Specifed,Andrew James Tye,Andrew James,https://ipl-stats-sports-mechanic.s3.ap-south-1.amazonaws.com/ipl/playerimages/Andrew%20Tye.png
72,1393,DJ Bravo,Right hand Bat,Right arm Medium,Not Specifed,Dwayne John Bravo,Dwayne John,https://ipl-stats-sports-mechanic.s3.ap-south-1.amazonaws.com/ipl/playerimages/Dwayne%20Bravo.png
73,177,AP Tare,Right hand Bat, ,Wicketkeeper,Aditya Prakash Tare,Aditya Prakash,Not Available
74,7539,B Indrajith,Right hand Bat,Legbreak Googly,Not Specifed,Baba Indrajith,Baba Indrajith,Not Available
75,4063,T Banton,Right hand Bat, ,Wicketkeeper,Tom Banton,Tom Banton,Not Available
76,6115,K Yadav,Left hand Bat,Left arm Fast medium,Not Specifed,Kuldip Yadav,Kuldip Yadav,Not Available
77,3649,AS Roy,Left hand Bat,Slow Left arm Orthodox,Not Specifed,Anukul Sudhakar Roy,Anukul Sudhakar,Not Available
78,5407,M Shahrukh Khan,Right hand Bat,Right arm Offbreak,Not Specifed,Masood Shahrukh Khan,Masood Shahrukh,Not Available
79,4960,MR Marsh,Right hand Bat,Right arm Medium,Not Specifed,Mitchell Ross Marsh,Mitchell Ross,Not Available
80,6761,R Shepherd,Right hand Bat,Right arm Fast medium,Not Specifed,Romario Shepherd,Romario Shepherd,https://www.espncricinfo.com/cricketers/romario-shepherd-677077
81,8321,Rahmanullah Gurbaz,Right hand Bat, ,Wicketkeeper,Rahmanullah Gurbaz,Rahmanullah Gurbaz,https://www.espncricinfo.com/cricketers/rahmanullah-gurbaz-974087
82,7751,SA Abbott,Right hand Bat,Right arm Fast medium,Not Specifed,Sean Anthony Abbott,Sean Anthony,Not Available
83,7302,OC McCoy,Left hand Bat,Left arm Fast medium,Not Specifed,Obed  Christopher McCoy,Obed  Christopher,Not Available
84,4970,P Dubey,Right hand Bat,Legbreak Googly,Not Specifed,Praveen Dubey,Praveen Dubey,Not Available
85,8355,Mukesh Kumar,Right hand Bat,Right arm Medium,Not Specifed,Mukesh Kumar,Mukesh Kumar,https://www.espncricinfo.com/cricketers/mukesh-kumar-926851
86,3451,DW Steyn,Right hand Bat,Right arm Fast,Not Specifed,Dale Willem Steyn,Dale Willem,Not Available
87,5411,RP Meredith,Right hand Bat,Right arm Fast,Not Specifed,Riley Patrick Meredith,Riley Patrick,Not Available
88,4098,JO Holder,Right hand Bat,Right arm Medium fast,Not Specifed,Jason Omar Holder,Jason Omar,Not Available
89,7895,R Sai Kishore,Left hand Bat,Slow Left arm Orthodox,Not Specifed,Ravisrinivasan Sai Kishore,Ravisrinivasan Sai,Not Available
90,1805,RK Bhui,Right hand Bat,Legbreak Googly,Not Specifed,Ricky Kannakumar Bhui,Ricky Kannakumar,Not Available
91,6054,AK Markram,Right hand Bat,Right arm Offbreak,Not Specifed,Aiden Kyle Markram,Aiden Kyle,Not Available
92,6710,Akash Deep,Right hand Bat,Right arm Fast medium,Not Specifed,Akash Deep,Akash Deep,https://www.espncricinfo.com/cricketers/akash-deep-1176959
93,5976,KS Bharat,Right hand Bat, ,Wicketkeeper,Kona Srikar Bharat,Kona Srikar,Not Available
94,6681,Tilak Varma,Left hand Bat,Right arm Offbreak,Not Specifed,Namboori Thakur Tilak Varma,Namboori Thakur,Not Available
95,4119,RD Gaikwad,Right hand Bat,Right arm Offbreak,Not Specifed,Ruturaj Dashrat Gaikwad,Ruturaj Dashrat,https://ipl-stats-sports-mechanic.s3.ap-south-1.amazonaws.com/ipl/playerimages/Ruturaj%20Gaikwad.png
96,6739,A Manohar,Right hand Bat,Legbreak Googly,Not Specifed,Abhinav Manohar,Abhinav Manohar,https://www.espncricinfo.com/cricketers/abhinav-manohar-778963
97,7843,Fazalhaq Farooqi,Right hand Bat,Left arm Fast medium,Not Specifed,Fazalhaq Farooqi,Fazalhaq Farooqi,https://www.espncricinfo.com/cricketers/fazalhaq-farooqi-974175
98,7083,KR Sen,Right hand Bat,Right arm Fast,Not Specifed,Kuldeep Rampal Sen,Kuldeep Rampal,Not Available
99,3747,P Simran Singh,Right hand Bat, ,Wicketkeeper,Prabhsimran Singh,Prabhsimran Singh,https://www.espncricinfo.com/cricketers/prabhsimran-singh-1161024
100,5343,M Jansen,Right hand Bat,Left arm Medium fast,Not Specifed,Marco Jansen,Marco Jansen,https://www.espncricinfo.com/cricketers/marco-jansen-696401
101,5629,FA Allen,Right hand Bat,Slow Left arm Orthodox,Not Specifed,Fabian Anthony Allen,Fabian Anthony,Not Available
102,5935,Anuj Rawat,Left hand Bat, ,Not Specifed,Anuj Rawat,Anuj Rawat,https://www.espncricinfo.com/cricketers/anuj-rawat-1123073
103,7017,M Theekshana,Right hand Bat,Right arm Offbreak,Not Specifed,Morawakage Maheesh Theekshana,Morawakage Maheesh,Not Available
104,1833,JC Archer,Right hand Bat,Right arm Fast,Not Specifed,Jofra Chioke Archer,Jofra Chioke,Not Available
105,2142,DJ Willey,Left hand Bat,Left arm Fast medium,Not Specifed,David Jonathan Willey,David Jonathan,Not Available
106,1849,PP Shaw,Right hand Bat,Right arm Offbreak,Not Specifed,Prithvi Pankaj Shaw,Prithvi Pankaj,Not Available
107,6017,Umran Malik,Right hand Bat,Right arm Fast,Not Specifed,Umran Malik,Umran Malik,Not Available
108,2295,SP Goswami,Left hand Bat, ,Wicketkeeper,Shreevats Pratyush Goswami,Shreevats Pratyush,Not Available
109,3156,HF Gurney,Right hand Bat,Left arm Fast medium,Not Specifed,Harry Frederick Gurney,Harry Frederick,Not Available
110,2743,CA Ingram,Left hand Bat,Legbreak,Wicketkeeper,Colin Alexander Ingram,Colin Alexander,Not Available
111,6798,Mukesh Choudhary,Left hand Bat,Left arm Medium,Not Specifed,Mukesh Choudhary,Mukesh Choudhary,https://www.espncricinfo.com/cricketers/mukesh-choudhary-1125688
112,3214,SD Lad,Right hand Bat,Right arm Offbreak,Not Specifed,Siddhesh Dinesh Lad,Siddhesh Dinesh,Not Available
113,8305,J Little,Right hand Bat,Left arm Fast medium,Not Specifed,Joshua Brian Little,Joshua Brian,Not Available
114,8007,M Pathirana,Right hand Bat,Right arm Fast,Not Specifed,Matheesha Pathirana,Matheesha Pathirana,https://www.espncricinfo.com/cricketers/matheesha-pathirana-1194795
115,2701,S Dube,Left hand Bat,Right arm Medium,Not Specifed,Shivam Dube,Shivam Dube,https://www.espncricinfo.com/cricketers/shivam-dube-714451
116,3145,S Midhun,Right hand Bat,Legbreak Googly,Not Specifed,Sudhesan Midhun,Sudhesan Midhun,Not Available
117,2353,CJ Dala,Right hand Bat,Right arm Medium,Not Specifed,Carl Junior Dala,Carl Junior,Not Available
118,6729,PVD Chameera,Right hand Bat,Right arm Fast,Not Specifed,Pathira Vasan Dushmantha Chameera,Pathira Vasan,Not Available
119,4097,PK Garg,Right hand Bat,Right arm Medium,Not Specifed,Priyam K Garg,Priyam K,Not Available
120,7192,Aman Hakim Khan,Right hand Bat,Right arm Medium,Not Specifed,Aman Hakim Khan,Aman Hakim,Not Available
121,6734,MS Wade,Left hand Bat,Right arm Medium,Wicketkeeper,Matthew Scott Wade,Matthew Scott,Not Available
122,4310,Shahbaz Ahmed,Left hand Bat,Slow Left arm Orthodox,Not Specifed,Shahbaz Ahmed,Shahbaz Ahmed,Not Available
123,4059,Ravi Bishnoi,Right hand Bat,Legbreak Googly,Not Specifed,Ravi Bishnoi,Ravi Bishnoi,https://www.espncricinfo.com/cricketers/ravi-bishnoi-1175441
124,4134,KL Nagarkoti,Right hand Bat,Right arm Fast,Not Specifed,Kamlesh Lachham Nagarkoti,Kamlesh Lachham,Not Available
125,4320,DR Sams,Right hand Bat,Left arm Fast medium,Not Specifed,Daniel Richard Sams,Daniel Richard,Not Available
126,7496,DJ Mitchell,Right hand Bat,Right arm Medium,Not Specifed,Daryl Joseph Mitchell,Daryl Joseph,Not Available
127,5422,C Sakariya,Left hand Bat,Left arm Medium fast,Not Specifed,Chetan Sakariya,Chetan Sakariya,https://www.espncricinfo.com/cricketers/chetan-sakariya-1131754
128,2352,S Lamichhane,Right hand Bat,Legbreak Googly,Not Specifed,Sandeep Lamichhane,Sandeep Lamichhane,Not Available
129,2910,GH Vihari,Right hand Bat,Right arm Offbreak,Not Specifed,Gade Hanuma Vihari,Gade Hanuma,Not Available
130,8349,RR Rossouw,Left hand Bat,Right arm Offbreak,Not Specifed,Rilee Roscoe Rossouw,Rilee Roscoe,Not Available
131,4664,JR Hazlewood,Left hand Bat,Right arm Fast medium,Not Specifed,Josh Reginald Hazlewood,Josh Reginald,Not Available
132,8333,KR Mayers,Left hand Bat,Right arm Medium,Not Specifed,Kyle Rico Mayers,Kyle Rico,Not Available
133,5573,LI Meriwala,Left hand Bat,Left arm Fast medium,Not Specifed,Lukman Iqbal Meriwala,Lukman Iqbal,Not Available
134,2894,NS Naik,Right hand Bat, ,Wicketkeeper,Nikhil Shankar Naik,Nikhil Shankar,Not Available
135,8191,PN Mankad,Right hand Bat,Right arm Medium,Not Specifed,Prerak Nileshkumar Mankad,Prerak Nileshkumar,Not Available
136,2349,Abhishek Sharma,Left hand Bat,Slow Left arm Orthodox,Not Specifed,Abhishek Sharma,Abhishek Sharma,https://ipl-stats-sports-mechanic.s3.ap-south-1.amazonaws.com/ipl/playerimages/Abhishek%20Sharma.png
137,7621,K Kartikeya,Right hand Bat,"Slow Left arm Orthodox, Left arm Wrist spin",Not Specifed,Kumar Kartikeya Singh,Kumar Kartikeya,Not Available
138,6520,AU Rashid,Right hand Bat,Legbreak,Not Specifed,Adil Usman Rashid,Adil Usman,Not Available
139,2825,CV Varun,Right hand Bat,Legbreak Googly,Not Specifed,Varun Chakravarthy Vinod,Varun Chakravarthy,Not Available
140,4212,Kartik Tyagi,Right hand Bat,Right arm Fast,Not Specifed,Kartik Tyagi,Kartik Tyagi,Not Available
141,4104,YBK Jaiswal,Left hand Bat,Legbreak,Not Specifed,Yashasvi Bhupendra Kumar Jaiswal,Yashasvi Bhupendra,Not Available
142,6519,IC Porel,Right hand Bat,Right arm Medium,Not Specifed,Ishan Chandranath Porel,Ishan Chandranath,Not Available
143,1740,H Klaasen,Right hand Bat,Right arm Offbreak,Wicketkeeper,Heinrich Klaasen,Heinrich Klaasen,https://www.espncricinfo.com/cricketers/heinrich-klaasen-436757
144,5526,Virat Singh,Left hand Bat,Legbreak Googly,Not Specifed,Virat Binod Singh,Virat Binod,Not Available
145,5181,Monu Kumar,Right hand Bat,Right arm Medium,Not Specifed,Monu Kumar Singh,Monu Kumar,Not Available
146,10135,N Burger,Left hand Bat,Left arm Fast medium,Not Specifed,Nandre Burger,Nandre Burger,Not Available
147,10159,SH Johnson,Left hand Bat,Left arm Fast,Not Specifed,Spencer Johnson,Spencer Johnson,https://www.espncricinfo.com/cricketers/spencer-johnson-1123718
148,10070,Sameer Rizvi,Right hand Bat,Right arm Offbreak,Not Specifed,Sameer Rizvi,Sameer Rizvi,https://www.espncricinfo.com/cricketers/sameer-rizvi-1175489
149,10291,A Raghuvanshi,Right hand Bat,Slow Left arm Orthodox,Not Specifed,Angkrish Raghuvanshi,Angkrish Raghuvanshi,https://www.espncricinfo.com/cricketers/angkrish-raghuvanshi-1292495
150,11192,AA Kulkarni,Right hand Bat,Right arm Medium,Not Specifed,Arshin Kulkarni,Arshin Kulkarni,https://www.espncricinfo.com/cricketers/arshin-kulkarni-1403153
151,10169,SZ Mulani,Left hand Bat,Slow Left arm Orthodox,Not Specifed,Shams Mulani,Shams Mulani,Not Available
152,11834,Prince Yadav,Right hand Bat,Right arm Fast,Not Specifed,Prince Yadav,Prince Yadav,https://www.espncricinfo.com/cricketers/prince-yadav-1350768
153,11212,RJ Gleeson,Right hand Bat,Right arm Fast Medium,Not Specifed,Richard Gleeson,Richard Gleeson,Not Available
154,11282,MJ Suthar,Left hand Bat,Slow Left arm Orthodox,Not Specifed,Manav Suthar,Manav Suthar,https://www.espncricinfo.com/cricketers/manav-suthar-1175426
155,11366,A Kamboj,Right hand Bat,Right arm Medium,Not Specifed,Anshul Kamboj,Anshul Kamboj,https://www.espncricinfo.com/cricketers/anshul-kamboj-1175428
156,11429,V Kaverappa,Right hand Bat,Right arm Fast medium,Not Specifed,Vidhwath Kaverappa,Vidhwath Kaverappa,Not Available
157,10232,KT Maphaka,Left hand Bat,Left arm Fast,Not Specifed,Kwena Maphaka,Kwena Maphaka,https://www.espncricinfo.com/cricketers/kwena-maphaka-1294342
158,8808,D Jansen,Right hand Bat,Left arm Fast,Not Specifed,Duan Jansen,Duan Jansen,Not Available
159,10065,R Ravindra,Left hand Bat,Slow Left arm Orthodox,Not Specifed,Rachin Ravindra,Rachin Ravindra,https://www.espncricinfo.com/cricketers/rachin-ravindra-959767
160,8389,Arshad Khan,Left hand Bat,Left arm Medium,Not Specifed,Arshad Khan,Arshad Khan,Not Available
161,10083,Sumit Kumar,Right hand Bat,Right arm Medium fast,Not Specifed,Sumit Kumar,Sumit Kumar,Not Available
162,10488,Saurav Chauhan,Left hand Bat,Right arm Offbreak,Not Specifed,Saurav Chauhan,Saurav Chauhan,Not Available
163,11981,DL Vettori,Left hand Bat,Slow Left arm Orthodox,Not Specifed,Daniel Luca Vettori,Daniel Luca,Not Available
164,9759,Sanvir Singh,Right hand Bat,Right arm Medium,Not Specifed,Sanvir Singh,Sanvir Singh,Not Available
165,8769,Yudhvir Singh,Right hand Bat,Right arm Medium fast,Not Specifed,Yudhvir Singh Charak,Yudhvir Singh,Not Available
166,8930,Liton Das,Right hand Bat,Right arm Offbreak,Wicketkeeper,Litton Kumer Das,Litton Kumer,Not Available
167,12015,WPUJC Vaas,Left hand Bat,Left arm Fast medium,Not Specifed,Warnakulasuriya Patabendige Ushantha Joseph Chaminda Vaas,Warnakulasuriya Patabendige,Not Available
168,12013,AS Yadav,Right hand Bat,Right arm Offbreak,Not Specifed,Arjun Shivlal Yadav,Arjun Shivlal,Not Available
169,12127,VRV Singh,Right hand Bat,Right arm Medium fast,Not Specifed,Vikram Raj Vir Singh,Vikram Raj,Not Available
170,12016,RP Singh,Right hand Bat,Left arm Fast medium,Not Specifed,Rudra Pratap Singh,Rudra Pratap,"https://img1.hscicdn.com/image/upload/f_auto,t_ds_square_w_160/lsci/db/PICTURES/CMS/389100/389167.5.png"
171,11984,GD McGrath,Right hand Bat,Right arm Fast medium,Not Specifed,Glenn Donald McGrath,Glenn Donald,Not Available
172,11982,MF Maharoof,Right hand Bat,Right arm Fast medium,Not Specifed,Mohamed Farveez Maharoof,Mohamed Farveez,Not Available
173,12295,HH Gibbs,Right hand Bat,Right arm Bowler,Not Specifed,Herschelle Herman Gibbs,Herschelle Herman,Not Available
174,11924,LR Shukla,Right hand Bat,Right arm Medium,Not Specifed,Laxmi Ratan Shukla,Laxmi Ratan,Not Available
175,9524,Vivrant Sharma,Left hand Bat,Legbreak Googly,Not Specifed,Vivrant Sharma,Vivrant Sharma,Not Available
176,8396,MG Bracewell,Left hand Bat,Right arm Offbreak,Wicketkeeper,Michael Gordon Bracewell,Michael Gordon,Not Available
177,11926,AB Agarkar,Right hand Bat,Right arm Fast,Not Specifed,Ajit Bhalchandra Agarkar,Ajit Bhalchandra,Not Available
178,12012,SB Styris,Right hand Bat,Right arm Medium,Not Specifed,Scott Bernard Styris,Scott Bernard,Not Available
179,8890,Naveen-ul-Haq,Right hand Bat,Right arm Medium fast,Not Specifed,Naveen-ul-Haq Murid,Naveen-ul,Not Available
180,12318,BJ Hodge,Right hand Bat,Right arm Offbreak,Not Specifed,Bradley John Hodge,Bradley John,Not Available
181,11996,S Chanderpaul,Left hand Bat,Legbreak,Not Specifed,Shivnarine Chanderpaul,Shivnarine Chanderpaul,Not Available
182,8433,Abishek Porel,Left hand Bat, ,Wicketkeeper,Abishek Porel,Abishek Porel,https://www.espncricinfo.com/cricketers/abishek-porel-1277545
183,11963,T Kohli,Right hand Bat,Right arm Medium,Not Specifed,Taruwar Sushil Kohli,Taruwar Sushil,Not Available
184,9824,Nithish Kumar Reddy,Right hand Bat,Right arm Medium fast,Not Specifed,Kaki Nitish Kumar Reddy,Kaki Nitish,Not Available
185,11954,KC Sangakkara,Left hand Bat,Right arm Offbreak,Wicketkeeper,Kumar Chokshanada Sangakkara,Kumar Chokshanada,Not Available
186,12056,Shahid Afridi,Right hand Bat,Legbreak Googly,Not Specifed,Sahibzada Mohammad Shahid Khan Afridi,Sahibzada Mohammad,Not Available
187,12323,Umar Gul,Right hand Bat,Right arm Fast medium,Not Specifed,Umar Gul,Umar Gul,Not Available
188,8475,Suyash Sharma,Right hand Bat,Legbreak Googly,Not Specifed,Suyash Sharma,Suyash Sharma,https://www.espncricinfo.com/cricketers/suyash-sharma-1350792
189,11949,P Amarnath,Right hand Bat,Right arm Medium,Not Specifed,Palani Amarnath,Palani Amarnath,Not Available
190,8386,N Wadhera,Left hand Bat,Legbreak,Not Specifed,Nehal Wadhera,Nehal Wadhera,https://www.espncricinfo.com/cricketers/nehal-wadhera-1151273
191,12121,RR Sarwan,Right hand Bat,Legbreak,Not Specifed,Ramnaresh Ronnie Sarwan,Ramnaresh Ronnie,Not Available
192,11993,MA Khote,Right hand Bat,Right arm Medium,Not Specifed,Musavir Asmat Khote,Musavir Asmat,Not Available
193,11933,JH Kallis,Right hand Bat,Right arm Fast medium,Not Specifed,Jacques Henry Kallis,Jacques Henry,Not Available
194,11983,B Geeves,Right hand Bat,Right arm Fast medium,Not Specifed,Brett Geeves,Brett Geeves,Not Available
195,8605,Mohit Rathee,Right hand Bat,Legbreak,Not Specifed,Mohit Rathee,Mohit Rathee,https://www.espncricinfo.com/cricketers/mohit-rathee-1349361
196,9431,R Goyal,Left hand Bat,Left arm Wrist spin,Not Specifed,Raghav Goyal,Raghav Goyal,Not Available
197,10707,Arshad Khan (2),Left hand Bat,Left arm Medium,Not Specifed,Mohd Arshad Khan,Mohd Arshad,Not Available
198,8470,Dhruv Jurel,Right hand Bat, ,Not Specifed,Dhruv Chand Jurel,Dhruv Chand,Not Available
199,11952,K Goel,Left hand Bat,Right arm Offbreak,Not Specifed,Karan Goel,Karan Goel,Not Available
200,8569,SSB Magala,Right hand Bat,Right arm Fast medium,Not Specifed,Sisanda Somila Bruce Magala,Sisanda Somila,Not Available
201,11947,S Badrinath,Right hand Bat,Right arm Offbreak,Not Specifed,Subramaniam Badrinath,Subramaniam Badrinath,Not Available
202,12071,VY Mahesh,Right hand Bat,Right arm Medium fast,Not Specifed,Vijaykumar Yo Mahesh,Vijaykumar Yo,Not Available
203,11958,P Dharmani,Right hand Bat, ,Wicketkeeper,Pankaj Dharmani,Pankaj Dharmani,Not Available
204,11923,Mohammad Hafeez,Right hand Bat,Right arm Offbreak,Not Specifed,Mohammad Hafeez,Mohammad Hafeez,Not Available
205,11946,JDP Oram,Left hand Bat,Right arm Fast medium,Not Specifed,Jacob David Philip Oram,Jacob David,Not Available
206,12105,D Kalyankrishna,Right hand Bat,Right arm Medium fast,Not Specifed,Doddapaneni Kalyankrishna,Doddapaneni Kalyankrishna,Not Available
207,11986,ST Jayasuriya,Left hand Bat,Slow Left arm Orthodox,Not Specifed,Sanath Teran Jayasuriya,Sanath Teran,"https://img1.hscicdn.com/image/upload/f_auto,t_ds_w_1280,q_80/lsci/db/PICTURES/CMS/319800/319886.png"
208,11989,PR Shah,Right hand Bat, ,Wicketkeeper,Pinal Rohitbhai Shah,Pinal Rohitbhai,Not Available
209,8597,MW Short,Right hand Bat,Right arm Offbreak,Not Specifed,Matthew William Short,Matthew William,Not Available
210,11980,M Manhas,Right hand Bat,Right arm Offbreak,Wicketkeeper,Mithun Manhas,Mithun Manhas,Not Available
211,11959,B Lee,Right hand Bat,Right arm Fast,Not Specifed,Brett Lee,Brett Lee,Not Available
212,11921,RT Ponting,Right hand Bat,Right arm Medium,Not Specifed,Ricky Thomas Ponting,Ricky Thomas,Not Available
213,11922,DJ Hussey,Right hand Bat,Right arm Offbreak,Not Specifed,David John Hussey,David John,Not Available
214,12572,NK Patel,Left hand Bat,,Not Specifed,Niraj Kanubhai Patel,Niraj Kanubhai,Not Available
215,12338,SP Fleming,Left hand Bat, ,Not Specifed,Stephen Paul Fleming,Stephen Paul,Not Available
216,16455,TR Birt,Left hand Bat,Right arm Medium,Occasional Wicketkeeper,Travis Rodney Birt,Travis Rodney,Not Available
217,16953,AA Kazi,Left hand Bat,Slow Left arm Orthodox,Not Specifed,Abrar Anjum Kazi,Abrar Anjum,Not Available
218,14798,J Theron,Right hand Bat,Right arm Medium fast,Not Specifed,Juan Theron,Juan Theron,Not Available
219,34126,SS Mundhe,Right hand Bat,Right arm Medium,Not Specifed,Shrikant Shrihari Mundhe,Shrikant Shrihari,Not Available
220,15862,Sunny Singh,Right hand Bat,Right arm Medium fast,Not Specifed,Sunny Singh,Sunny Singh,Not Available
221,13301,R Bishnoi,Right hand Bat,Right arm Medium fast,Not Specifed,Rajesh Bishnoi,Rajesh Bishnoi,Not Available
222,13388,AS Raut,Right hand Bat,Legbreak Googly,Not Specifed,Abhishek Santosh Raut,Abhishek Santosh,Not Available
223,14765,R Sharma,Right hand Bat,Legbreak Googly,Not Specifed,Rahul Sharma,Rahul Sharma,Not Available
224,15334,RS Sodhi,Right hand Bat,Right arm Medium,Not Specifed,Reetinder Singh Sodhi,Reetinder Singh,Not Available
225,14648,MJ Lumb,Left hand Bat,Right arm Medium,Not Specifed,Michael John Lumb,Michael John,Not Available
226,34959,LJ Wright,Right hand Bat,Right arm Medium,Not Specifed,Luke James Wright,Luke James,Not Available
227,14476,R Sathish,Right hand Bat,Right arm Medium,Not Specifed,Rajagopal Sathish,Rajagopal Sathish,Not Available
228,12372,Misbah-ul-Haq,Right hand Bat,Legbreak,Not Specifed,Misbah-ul-Haq Khan Niazi,Misbah-ul,Not Available
229,14464,OA Shah,Right hand Bat,Right arm Offbreak,Not Specifed,Owais Alam Shah,Owais Alam,Not Available
230,13248,AM Salvi,Right hand Bat,Right arm Medium,Not Specifed,Aavishkar Madhav Salvi,Aavishkar Madhav,Not Available
231,13016,A Nel,Right hand Bat,Right arm Fast medium,Not Specifed,Andre Nel,Andre Nel,Not Available
232,16380,NL McCullum,Right hand Bat,Right arm Offbreak,Not Specifed,Nathan Leslie McCullum,Nathan Leslie,Not Available
233,34811,N Saini,Right hand Bat, ,Wicketkeeper,Nitin Saini,Nitin Saini,Not Available
234,15261,AN Ahmed,Right hand Bat,Right arm Medium fast,Not Specifed,Abu Nechim Ahmed,Abu Nechim,Not Available
235,16743,I Malhotra,Right hand Bat,Right arm Medium fast,Not Specifed,Ishan Malhotra,Ishan Malhotra,Not Available
236,14757,MD Mishra,Right hand Bat,Right arm Offbreak,Not Specifed,Mohnish Dinesh Mishra,Mohnish Dinesh,Not Available
237,34983,RJ Peterson,Left hand Bat,Slow Left arm Orthodox,Not Specifed,Robin John Peterson,Robin John,Not Available
238,14463,CA Pujara,Right hand Bat,Legbreak,Not Specifed,Cheteshwar Arvind Pujara,Cheteshwar Arvind,Not Available
239,14489,A Uniyal,Left hand Bat,Left arm Medium,Not Specifed,Amit Uniyal,Amit Uniyal,Not Available
240,13651,GR Napier,Right hand Bat,Right arm Medium,Not Specifed,Graham Richard Napier,Graham Richard,Not Available
241,14136,J Botha,Right hand Bat,Right arm Offbreak,Not Specifed,Johan Botha,Johan Botha,Not Available
242,13227,Kamran Khan,Left hand Bat,Left arm Medium fast,Not Specifed,Kamran Khan,Kamran Khan,Not Available
243,12454,U Kaul,Left hand Bat, ,Wicketkeeper,Uday Kaul,Uday Kaul,Not Available
244,13620,S Tyagi,Right hand Bat,Right arm Medium,Not Specifed,Sudeep Tyagi,Sudeep Tyagi,Not Available
245,16276,BJ Haddin,Right hand Bat, ,Wicketkeeper,Bradley James Haddin,Bradley James,Not Available
246,12518,CK Kapugedera,Right hand Bat,Right arm Medium,Occasional Wicketkeeper,Chamara Kantha Kapugedera,Chamara Kantha,Not Available
247,12471,S Anirudha,Right hand Bat, ,Not Specifed,Srikkanth Anirudha,Srikkanth Anirudha,Not Available
248,13384,RJ Quiney,Left hand Bat,Right arm Medium,Not Specifed,Robert John Quiney,Robert John,Not Available
249,13260,YA Abdulla,Left hand Bat,Left arm Fast medium,Not Specifed,Yusuf Adam Abdulla,Yusuf Adam,Not Available
250,12650,TM Dilshan,Right hand Bat,Right arm Offbreak,Wicketkeeper,Tillakaratne Mudiyanselage Dilshan,Tillakaratne Mudiyanselage,Not Available
251,13551,MN van Wyk,Right hand Bat,Slow Left arm Orthodox,Wicketkeeper,Morne Nico van Wyk,Morne Nico,Not Available
252,14206,SS Shaikh,Right hand Bat,Right arm Medium,Not Specifed,Shoaib Shabbir Shaikh,Shoaib Shabbir,Not Available
253,15878,AC Thomas,Right hand Bat,Right arm Fast medium,Not Specifed,Alfonso Clive Thomas,Alfonso Clive,Not Available
254,15003,PD Collingwood,Right hand Bat,Right arm Medium,Not Specifed,Paul David Collingwood,Paul David,Not Available
255,15239,AP Dole,Right hand Bat,Right arm Medium fast,Not Specifed,Aditya Pradip Dole,Aditya Pradip,Not Available
256,14216,Jaskaran Singh,Right hand Bat,Right arm Medium,Not Specifed,Jaskaran Singh Buttar,Jaskaran Singh,Not Available
257,12850,H Das,Right hand Bat, ,Wicketkeeper,Halhadar Das,Halhadar Das,Not Available
258,33972,AA Chavan,Left hand Bat,Slow Left arm Orthodox,Not Specifed,Ankeet Anil Chavan,Ankeet Anil,Not Available
259,13986,A Mithun,Right hand Bat,Right arm Medium,Not Specifed,Abhimanyu Mithun,Abhimanyu Mithun,Not Available
260,12339,S Vidyut,Left hand Bat,Slow Left arm Orthodox,Not Specifed,Vidyut Sivaramakrishnan,Vidyut Sivaramakrishnan,Not Available
261,15851,JEC Franklin,Left hand Bat,Left arm Medium,Not Specifed,James Edward Charles Franklin,James Edward,Not Available
262,13508,AN Ghosh,Right hand Bat,Right arm Medium,Not Specifed,Arindam Nanigopal Ghosh,Arindam Nanigopal,Not Available
263,12422,RR Raje,Right hand Bat,Right arm Fast medium,Not Specifed,Rohan Ravindra Raje,Rohan Ravindra,Not Available
264,14008,SS Sarkar,Right hand Bat,Right arm Medium,Not Specifed,Sourav Subrata Sarkar,Sourav Subrata,Not Available
265,15896,RN ten Doeschate,Right hand Bat,Right arm Medium fast,Not Specifed,Ryan Neil ten Doeschate,Ryan Neil,Not Available
266,15140,DE Bollinger,Left hand Bat,Left arm Fast medium,Not Specifed,Douglas Erwin Bollinger,Douglas Erwin,Not Available
267,14567,S Ladda,Right hand Bat,Legbreak,Not Specifed,Sarabjit Ladda,Sarabjit Ladda,Not Available
268,16249,DH Yagnik,Left hand Bat, ,Not Specifed,Dishant Harendra Yagnik,Dishant Harendra,Not Available
269,13245,DP Nannes,Right hand Bat,Left arm Fast,Not Specifed,Dirk Peter Nannes,Dirk Peter,Not Available
270,13810,A Singh,Right hand Bat,Right arm Medium fast,Not Specifed,Amit Singh,Amit Singh,Not Available
271,34392,TP Sudhindra,Left hand Bat,Right arm Fast,Not Specifed,Taduri Prakash Chandra Sudhindra,Taduri Prakash,Not Available
272,15779,S Randiv,Right hand Bat,Right arm Offbreak,Not Specifed,Hewa Kaluhalamullage Suraj Randiv Kaluhalamulla,Hewa Kaluhalamullage,Not Available
273,13383,PC Valthaty,Right hand Bat,Right arm Medium,Not Specifed,Paul Chandrashekar Valthaty,Paul Chandrashekar,Not Available
274,34554,P Awana,Right hand Bat,Right arm Medium,Not Specifed,Parvinder Awana,Parvinder Awana,Not Available
275,12710,Shoaib Akhtar,Right hand Bat,Right arm Fast,Not Specifed,Shoaib Akhtar,Shoaib Akhtar,Not Available
276,34530,RR Bhatkal,Right hand Bat,Right arm Medium,Not Specifed,Raju Ravi Bhatkal,Raju Ravi,Not Available
277,34343,KK Cooper,Right hand Bat,Right arm Medium,Not Specifed,Kevon Keston Cooper,Kevon Keston,Not Available
278,12661,AD Mascarenhas,Right hand Bat,Right arm Fast medium,Not Specifed,Adrian Dimitri Mascarenhas,Adrian Dimitri,Not Available
279,14541,JM Kemp,Right hand Bat,Right arm Fast medium,Not Specifed,Justin Miles Kemp,Justin Miles,Not Available
280,12362,LPC Silva,Right hand Bat,Legbreak,Not Specifed,Lindamlilage Prageeth Chamara Silva,Lindamlilage Prageeth,Not Available
281,12580,SR Tendulkar,Right hand Bat,"Right arm Offbreak, Legbreak Googly",Not Specifed,Sachin Ramesh Tendulkar,Sachin Ramesh,"https://img1.hscicdn.com/image/upload/f_auto,t_ds_square_w_320,q_50/lsci/db/PICTURES/CMS/316400/316486.6.png"
282,13785,RJ Harris,Right hand Bat,Right arm Fast,Not Specifed,Ryan James Harris,Ryan James,Not Available
283,15339,L Ablish,Right hand Bat,Right arm Medium fast,Not Specifed,Love Ablish,Love Ablish,Not Available
284,15384,S Sriram,Left hand Bat,Slow Left arm Orthodox,Not Specifed,Sridharan Sriram,Sridharan Sriram,Not Available
285,14201,Mashrafe Mortaza,Right hand Bat,Right arm Fast medium,Not Specifed,Mashrafe Bin Mortaza,Mashrafe Bin,Not Available
286,14492,SW Tait,Right hand Bat,Right arm Fast,Not Specifed,Shaun William Tait,Shaun William,Not Available
287,6657,DP Conway,Left hand Bat,Right arm Medium,Occasional Wicketkeeper,Devon Philip Conway,Devon Philip,Not Available
288,8383,C Green,Right hand Bat,Right arm Fast medium,Not Specifed,Cameron Donald Green,Cameron Donald,Not Available
289,13258,VS Malik,Right hand Bat,Right arm Medium,Not Specifed,Vikramjeet Singh Malik,Vikramjeet Singh,Not Available
290,4339,N Jagadeesan,Right hand Bat, ,Wicketkeeper,Narayan Jagadeesan,Narayan Jagadeesan,Not Available
291,76,Sandeep Sharma,Right hand Bat,Right arm Medium,Not Specifed,Sandeep Sharma,Sandeep Sharma,https://www.espncricinfo.com/cricketers/sandeep-sharma-438362
292,14279,Y Nagar,Right hand Bat,Right arm Offbreak,Not Specifed,Yogesh Nagar,Yogesh Nagar,Not Available
293,1314,IR Jaggi,Right hand Bat,Legbreak Googly,Not Specifed,Ishank Rajiv Jaggi,Ishank Rajiv,Not Available
294,44,Imran Tahir,Right hand Bat,Legbreak Googly,Not Specifed,Mohammad Imran Tahir,Mohammad Imran,Not Available
295,900,PJ Sangwan,Right hand Bat,Left arm Medium,Not Specifed,Pradeep Jaibeer Sangwan,Pradeep Jaibeer,Not Available
296,11943,MEK Hussey,Left hand Bat,Right arm Medium,Not Specifed,Michael Edward Killeen Hussey,Michael Edward,"https://img1.hscicdn.com/image/upload/f_auto,t_ds_square_w_320,q_50/lsci/db/PICTURES/CMS/319700/319708.1.png"
297,2024,L Ngidi,Right hand Bat,Right arm Fast medium,Not Specifed,Lungisani True-man Ngidi,Lungisani True,Not Available
298,11991,SM Pollock,Right hand Bat,Right arm Fast medium,Not Specifed,Shaun Maclean Pollock,Shaun Maclean,Not Available
299,35966,MDKJ Perera,Left hand Bat, ,Wicketkeeper,Mathurage Don Kusal Janith Perera,Mathurage Don,Not Available
300,8748,Vijaykumar Vyshak,Right hand Bat,Right arm Medium,Not Specifed,Vijaykumar Vyshak,Vijaykumar Vyshak,Not Available
301,38647,JW Hastings,Right hand Bat,Right arm Fast medium,Not Specifed,John Wayne Hastings,John Wayne,Not Available
302,7546,Harshit Rana,Right hand Bat,Right arm Fast,Not Specifed,Harshit Pradeep Rana,Harshit Pradeep,Not Available
303,8098,A Tomar,Right hand Bat,Right arm Offbreak,Not Specifed,Abhijeet Tomar,Abhijeet Tomar,Not Available
304,1327,CJ Jordan,Right hand Bat,Right arm Fast medium,Not Specifed,Christopher James Jordan,Christopher James,Not Available
305,2315,P Chopra,Right hand Bat,Legbreak Googly,Occasional Wicketkeeper,Prashant Chopra,Prashant Chopra,Not Available
306,11971,SK Warne,Right hand Bat,Legbreak Googly,Not Specifed,Shane Keith Warne,Shane Keith,Not Available
307,16693,AC Blizzard,Left hand Bat,Left arm Medium,Not Specifed,Aiden Craig Blizzard,Aiden Craig,Not Available
308,36610,DJG Sammy,Right hand Bat,Right arm Medium,Not Specifed,Daren Julius Garvey Sammy,Daren Julius,Not Available
309,49,KD Karthik,Right hand Bat,Right arm Offbreak,Wicketkeeper,Krishnakumar Dinesh Karthik,Krishnakumar Dinesh,Not Available
310,176,B Stanlake,Left hand Bat,Right arm Fast,Not Specifed,Billy James Stanlake,Billy James,Not Available
311,10109,MA Starc,Left hand Bat,Left arm Fast,Not Specifed,Mitchell Aaron Starc,Mitchell Aaron,Not Available
312,11940,SB Joshi,Left hand Bat,Slow Left arm Orthodox,Not Specifed,Sunil Bandacharya Joshi,Sunil Bandacharya,Not Available
313,12746,Younis Khan,Right hand Bat,"Right arm Medium, Legbreak",Not Specifed,Mohammad Younis Khan,Mohammad Younis,Not Available
314,40242,P Sahu,Right hand Bat,Legbreak Googly,Not Specifed,Pardeep Sahu,Pardeep Sahu,Not Available
315,418,MM Patel,Right hand Bat,Right arm Medium fast,Not Specifed,Munaf Musa Patel,Munaf Musa,Not Available
316,12252,DB Das,Right hand Bat,Legbreak Googly,Not Specifed,Debabrata Baidya Das,Debabrata Baidya,Not Available
317,6287,RV Patel,Right hand Bat,Right arm Medium fast,Not Specifed,Ripal Vinubhai Patel,Ripal Vinubhai,Not Available
318,12539,T Taibu,Right hand Bat,Right arm Medium,Wicketkeeper,Tatenda Taibu,Tatenda Taibu,Not Available
319,34697,CJ McKay,Right hand Bat,Right arm Fast medium,Not Specifed,Clinton James McKay,Clinton James,Not Available
320,14360,RA Shaikh,Left hand Bat,Left arm Medium,Not Specifed,Rahil Akhil Ahmed Shaikh,Rahil Akhil,Not Available
321,2188,M Prasidh Krishna,Right hand Bat,Right arm Fast medium,Not Specifed,Muralikrishna Prasidh Krishna,Muralikrishna Prasidh,https://ipl-stats-sports-mechanic.s3.ap-south-1.amazonaws.com/ipl/playerimages/Prasidh%20Krishna.png
322,6047,GHS Garton,Left hand Bat,Left arm Fast,Not Specifed,George Henry Simmons Garton,George Henry,Not Available
323,54,DS Kulkarni,Right hand Bat,Right arm Medium,Not Specifed,Dhawal Sunil Kulkarni,Dhawal Sunil,Not Available
324,69,WP Saha,Right hand Bat, ,Wicketkeeper,Wriddhiman Prasanta Saha,Wriddhiman Prasanta,Not Available
325,42,A Zampa,Right hand Bat,Legbreak Googly,Not Specifed,Adam Zampa,Adam Zampa,https://www.espncricinfo.com/cricketers/adam-zampa-379504
326,40725,PSP Handscomb,Right hand Bat, ,Wicketkeeper,Peter Stephen Patrick Handscomb,Peter Stephen,Not Available
327,8295,RS Hangargekar,Right hand Bat,Right arm Fast medium,Not Specifed,Rajvardhan S Hangargekar,Rajvardhan S,Not Available
328,67,HM Amla,Right hand Bat,"Right arm Medium, Right arm Offbreak",Not Specifed,Hashim Mahomed Amla,Hashim Mahomed,Not Available
329,25,RG Sharma,Right hand Bat,Right arm Offbreak,Not Specifed,Rohit Gurunath Sharma,Rohit Gurunath,Not Available
330,11972,SK Trivedi,Right hand Bat,Right arm Medium,Not Specifed,Siddharth Kishorkumar Trivedi,Siddharth Kishorkumar,Not Available
331,13595,TL Suman,Right hand Bat,Right arm Offbreak,Not Specifed,Tirumalasetti Laxminarayana Suman,Tirumalasetti Laxminarayana,Not Available
332,34774,A Ashish Reddy,Right hand Bat,Right arm Medium,Not Specifed,Ammana Ashish Reddy,Ammana Ashish,Not Available
333,12238,B Chipli,Right hand Bat,Right arm Medium,Not Specifed,Bharat Chipli,Bharat Chipli,Not Available
334,14653,S Narwal,Left hand Bat,Right arm Medium,Not Specifed,Sumit Narwal,Sumit Narwal,Not Available
335,12204,SD Chitnis,Right hand Bat,Right arm Offbreak,Not Specifed,Siddharth Dilip Chitnis,Siddharth Dilip,Not Available
336,35864,Sunny Gupta,Right hand Bat,Right arm Offbreak,Not Specifed,Sunny Gupta,Sunny Gupta,Not Available
337,31,TG Southee,Right hand Bat,Right arm Medium fast,Not Specifed,Timothy Grant Southee,Timothy Grant,Not Available
338,17,BCJ Cutting,Right hand Bat,Right arm Fast medium,Not Specifed,Benjamin Colin James Cutting,Benjamin Colin,Not Available
339,38548,BE Hendricks,Left hand Bat,Left arm Fast medium,Not Specifed,Beuran Eric Hendricks,Beuran Eric,Not Available
340,13083,BAW Mendis,Right hand Bat,Right arm Offbreak,Not Specifed,Balapuwaduge Ajantha Winslow Mendis,Balapuwaduge Ajantha,Not Available
341,12327,SA Asnodkar,Right hand Bat,Right arm Offbreak,Not Specifed,Swapnil Ashok Asnodkar,Swapnil Ashok,Not Available
342,11970,D Salunkhe,Right hand Bat,Legbreak,Not Specifed,Dinesh Salunkhe,Dinesh Salunkhe,Not Available
343,11966,M Kaif,Right hand Bat,Right arm Offbreak,Not Specifed,Mohammad Kaif,Mohammad Kaif,Not Available
344,36536,IC Pandey,Right hand Bat,Right arm Medium,Not Specifed,Ishwar Chand Pandey,Ishwar Chand,Not Available
345,14487,P Dogra,Right hand Bat,Legbreak,Not Specifed,Paras Dogra,Paras Dogra,Not Available
346,13692,LA Carseldine,Left hand Bat,Left arm Medium,Not Specifed,Lee Andrew Carseldine,Lee Andrew,Not Available
347,19,Bipul Sharma,Left hand Bat,Slow Left arm Orthodox,Not Specifed,Bipul Sharma,Bipul Sharma,Not Available
348,4170,JR Philippe,Right hand Bat, ,Wicketkeeper,Joshua Ryan Philippe,Joshua Ryan,Not Available
349,16199,TD Paine,Right hand Bat,Right arm Medium,Wicketkeeper,Timothy David Paine,Timothy David,Not Available
350,11937,AA Noffke,Right hand Bat,Right arm Fast medium,Not Specifed,Ashley Allan Noffke,Ashley Allan,Not Available
351,12041,Kamran Akmal,Right hand Bat, ,Wicketkeeper,Kamran Akmal,Kamran Akmal,Not Available
352,36311,BJ Rohrer,Left hand Bat, ,Occasional Wicketkeeper,Ben James Rohrer,Ben James,Not Available
353,36555,CM Gautam,Right hand Bat, ,Wicketkeeper,Chidhambaram Muralidharen Gautam,Chidhambaram Muralidharen,Not Available
354,41020,F Behardien,Right hand Bat,Right arm Fast medium,Not Specifed,Farhaan Behardien,Farhaan Behardien,Not Available
355,37031,PV Tambe,Right hand Bat,Legbreak,Not Specifed,Pravin Vijay Tambe,Pravin Vijay,Not Available
356,35892,MC Juneja,Right hand Bat,Right arm Offbreak,Not Specifed,Manprit Charanjit Juneja,Manprit Charanjit,Not Available
357,41286,ER Dwivedi,Right hand Bat, ,Wicketkeeper,Eklavya Rakesh Dwivedi,Eklavya Rakesh,Not Available
358,35459,K Upadhyay,Right hand Bat,Right arm Medium,Not Specifed,Krishnakant Upadhyay,Krishnakant Upadhyay,Not Available
359,37347,MG Neser,Right hand Bat,Right arm Medium fast,Not Specifed,Michael Gertges Neser,Michael Gertges,Not Available
360,40895,UT Khawaja,Left hand Bat,Right arm Medium,Not Specifed,Usman Tariq Khawaja,Usman Tariq,Not Available
361,40385,KJ Abbott,Right hand Bat,Right arm Fast medium,Not Specifed,Kyle John Abbott,Kyle John,Not Available
362,38924,DJ Muthuswami,Right hand Bat,Right arm Medium,Not Specifed,Domnic Joseph Muthuswami,Domnic Joseph,Not Available
363,6360,Anmolpreet Singh,Right hand Bat,Right arm Offbreak,Not Specifed,Anmolpreet Singh,Anmolpreet Singh,Not Available
364,3011,JP Behrendorff,Right hand Bat,Left arm Fast medium,Not Specifed,Jason Paul Behrendorff,Jason Paul,Not Available
365,27,AT Rayudu,Right hand Bat,Right arm Offbreak,Occasional Wicketkeeper,Ambati Thirupathi Rayudu,Ambati Thirupathi,Not Available
366,1437,AD Russell,Right hand Bat,Right arm Fast,Not Specifed,Andre Dwayne Russell,Andre Dwayne,https://ipl-stats-sports-mechanic.s3.ap-south-1.amazonaws.com/ipl/playerimages/Andre%20Russell.png
367,34601,V Pratap Singh,Right hand Bat,Right arm Medium,Not Specifed,Veer Pratap Singh,Veer Pratap,Not Available
368,1856,LE Plunkett,Right hand Bat,Right arm Fast,Not Specifed,Liam Edward Plunkett,Liam Edward,Not Available
369,13563,RE van der Merwe,Right hand Bat,Slow Left arm Orthodox,Not Specifed,Roelof Erasmus van der Merwe,Roelof Erasmus,Not Available
370,58,RV Uthappa,Right hand Bat,Right arm Medium,Occasional Wicketkeeper,Robin Venu Uthappa,Robin Venu,https://ipl-stats-sports-mechanic.s3.ap-south-1.amazonaws.com/ipl/playerimages/Robin%20Uthappa.png
371,8945,PD Salt,Right hand Bat,Right arm Offbreak,Wicketkeeper,Philip Dean Salt,Philip Dean,Not Available
372,293,V Shankar,Right hand Bat,Right arm Medium,Not Specifed,Vijay Shankar,Vijay Shankar,https://www.espncricinfo.com/cricketers/vijay-shankar-477021
373,37595,NJ Maddinson,Left hand Bat,Slow Left arm Orthodox,Not Specifed,Nicolas James Maddinson,Nicolas James,Not Available
374,11934,CL White,Right hand Bat,Legbreak Googly,Not Specifed,Cameron Leon White,Cameron Leon,Not Available
375,11969,M Rawat,Right hand Bat, ,Wicketkeeper,Mahesh Rawat,Mahesh Rawat,Not Available
376,9181,Gurnoor Brar,Left hand Bat,Right arm Fast,Not Specifed,Gurnoor Brar,Gurnoor Brar,Not Available
377,46,BB McCullum,Right hand Bat,"Right arm Medium, Right arm Offbreak",Wicketkeeper,Brendon Barrie McCullum,Brendon Barrie,Not Available
378,13863,M Morkel,Left hand Bat,Right arm Fast,Not Specifed,Morne Morkel,Morne Morkel,https://scores.iplt20.com/ipl/images/default-player-statsImage.png
379,7902,KS Sharma,Right hand Bat,Right arm Offbreak,Not Specifed,Karan Sunny Sharma,Karan Sunny,Not Available
380,16648,P Parameswaran,Right hand Bat,Left arm Medium,Not Specifed,Prasanth Parameswaran,Prasanth Parameswaran,Not Available
381,33961,P Prasanth,Left hand Bat,Slow Left arm Orthodox,Not Specifed,Padmanabhan Prasanth,Padmanabhan Prasanth,Not Available
382,5473,Lalit Yadav,Right hand Bat,Right arm Offbreak,Not Specifed,Lalit Yadav,Lalit Yadav,Not Available
383,16,DJ Hooda,Right hand Bat,Right arm Offbreak,Not Specifed,Deepak Jagbir Hooda,Deepak Jagbir,Not Available
384,1990,IS Sodhi,Right hand Bat,Legbreak,Not Specifed,Inderbir Singh Sodhi,Inderbir Singh,Not Available
385,494,BB Sran,Left hand Bat,Left arm Medium,Not Specifed,Barinder Balbirsingh Sran,Barinder Balbirsingh,Not Available
386,34382,DJ Harris,Right hand Bat,Right arm Medium,Not Specifed,Daniel Joseph Harris,Daniel Joseph,Not Available
387,3518,Y Prithvi Raj,Left hand Bat,Left arm Medium,Not Specifed,Prithvi Raj Yarra,Prithvi Raj,Not Available
388,1964,JP Duminy,Left hand Bat,Right arm Offbreak,Not Specifed,Jean-Paul Duminy,Jean-Paul,Not Available
389,15866,NJ Rimmington,Right hand Bat,Right arm Fast medium,Not Specifed,Nathan John Rimmington,Nathan John,Not Available
390,21,A Nehra,Right hand Bat,Left arm Medium fast,Not Specifed,Ashish Nehra,Ashish Nehra,Not Available
391,3495,Harpreet Brar,Left hand Bat,Slow Left arm Orthodox,Not Specifed,Harpreet Brar,Harpreet Brar,https://www.espncricinfo.com/cricketers/harpreet-brar-1168641
392,6033,GD Phillips,Right hand Bat,Right arm Offbreak,Wicketkeeper,Glenn Dominic Phillips,Glenn Dominic,Not Available
393,181,RR Pant,Left hand Bat, ,Wicketkeeper,Rishabh Rajendra Pant,Rishabh Rajendra,https://ipl-stats-sports-mechanic.s3.ap-south-1.amazonaws.com/ipl/playerimages/Rishabh%20Pant.png
394,15829,AUK Pathan,Right hand Bat,Right arm Medium,Not Specifed,Asad Ullah Khan Pathan,Asad Ullah,Not Available
395,5562,Jalaj S Saxena,Right hand Bat,"Right arm Offbreak, Legbreak Googly",Not Specifed,Jalaj Sahai Saxena,Jalaj Sahai,Not Available
396,3230,R Parag,Right hand Bat,Legbreak,Not Specifed,Riyan Parag,Riyan Parag,https://www.espncricinfo.com/cricketers/riyan-parag-1079434
397,183,CR Brathwaite,Right hand Bat,Right arm Fast medium,Not Specifed,Carlos Ricardo Brathwaite,Carlos Ricardo,Not Available
398,4406,AT Carey,Left hand Bat, ,Wicketkeeper,Alex Tyson Carey,Alex Tyson,Not Available
399,11967,DS Lehmann,Left hand Bat,Slow Left arm Orthodox,Not Specifed,Darren Scott Lehmann,Darren Scott,Not Available
400,7134,SS Prabhudessai,Right hand Bat,Right arm Medium,Not Specifed,Suyash S Prabhudessai,Suyash S,Not Available
401,10939,N Thushara,Right hand Bat,Right arm Medium fast,Not Specifed,Nuwan Thushara,Nuwan Thushara,https://www.espncricinfo.com/cricketers/nuwan-thushara-955235
402,11068,LB Williams,Left hand Bat,Right arm Medium fast,Not Specifed,Lizaad Buyron Williams,Lizaad Buyron,Not Available
403,10163,Naman Dhir,Right hand Bat,Right arm Offbreak,Not Specifed,Naman Dhir,Naman Dhir,https://www.espncricinfo.com/cricketers/naman-dhir-1287032
404,11376,Gulbadin Naib,Right hand Bat,Right arm Medium fast,Not Specifed,Gulbadin Naib,Gulbadin Naib,Not Available
405,11781,Aniket Verma,Right hand Bat,Right arm Medium fast,Not Specifed,Aniket Verma,Aniket Verma,https://www.espncricinfo.com/cricketers/aniket-verma-1409976
406,10690,Tanush Kotian,Right hand Bat,Right arm Offbreak,Not Specifed,Tanush Kotian,Tanush Kotian,Not Available
407,11847,Priyansh Arya,Left hand Bat,Right arm Offbreak,Not Specifed,Priyansh Arya,Priyansh Arya,https://www.espncricinfo.com/cricketers/priyansh-arya-1175456
408,11854,Suryansh Shedge,Right hand Bat,Right arm Medium fast,Not Specifed,Suryansh Shedge,Suryansh Shedge,https://www.espncricinfo.com/cricketers/suryansh-shedge-1339698
409,10078,SD Hope,Right hand Bat,,Wicketkeeper,Shai Diego Hope,Shai Diego,Not Available
410,10160,L Wood,Left hand Bat,Left arm Fast medium,Not Specifed,Luke Wood,Luke Wood,Not Available
411,10168,G Coetzee,Right hand Bat,Right arm Fast,Not Specifed,Gerald Coetzee,Gerald Coetzee,https://www.espncricinfo.com/cricketers/gerald-coetzee-596010
412,10604,KA Maharaj,Right hand Bat,Slow Left arm Orthodox,Not Specifed,Keshav Athmanand Maharaj,Keshav Athmanand,Not Available
413,10630,WG Jacks,Right hand Bat,Right arm Offbreak,Not Specifed,William George Jacks,William George,Not Available
414,10667,J Fraser-McGurk,Right hand Bat,Legbreak Googly,Not Specifed,Jake Fraser-McGurk,Jake Fraser,Not Available
415,11805,R Minz,Left hand Bat,,Slow Left arm Orthodox,Robin Minz,Robin Minz,https://www.espncricinfo.com/cricketers/robin-minz-1350762
416,10382,SB Dubey,Left hand Bat,Right arm Offbreak,Not Specifed,Shubham Badriprasad Dubey,Shubham Badriprasad,Not Available
417,10710,S Joseph,Left hand Bat,Right arm Fast,Not Specifed,Shamar Joseph,Shamar Joseph,https://www.espncricinfo.com/cricketers/shamar-joseph-1356971
418,11389,D Ferreira,Right hand Bat,Right arm Offbreak,Wicketkeeper,Donovan Ferreira,Donovan Ferreira,https://www.espncricinfo.com/cricketers/donovan-ferreira-698315
419,11416,V Viyaskanth,Right hand Bat,Legbreak,Not Specifed,Vijayakanth Viyaskanth,Vijayakanth Viyaskanth,Not Available
420,11799,V Puthur,Right hand Bat,Left arm Wrist spin,Not Specifed,Vignesh Puthur,Vignesh Puthur,https://www.espncricinfo.com/cricketers/vignesh-puthur-1460388
421,11801,RD Rickelton,Left hand Bat,,Wicketkeeper,Ryan Rickelton,Ryan Rickelton,https://www.espncricinfo.com/cricketers/ryan-rickelton-605661
422,11843,V Nigam,Right hand Bat,Legbreak,Not Specifed,Vipraj Nigam,Vipraj Nigam,https://www.espncricinfo.com/cricketers/vipraj-nigam-1449074
423,8805,Arjun Tendulkar,Left hand Bat,Left arm Medium fast,Not Specifed,Arjun Sachin Tendulkar,Arjun Sachin,Not Available
424,360,SN Thakur,Right hand Bat,Right arm Medium,Not Specifed,Shardul Narendra Thakur,Shardul Narendra,Not Available
425,36966,P Suyal,Right hand Bat,Left arm Medium,Not Specifed,Pawan Shakland Suyal,Pawan Shakland,Not Available
426,15108,MB Parmar,Right hand Bat,Right arm Offbreak,Not Specifed,Mohnish Bipinbhai Parmar,Mohnish Bipinbhai,Not Available
427,6694,R Powell,Right hand Bat,Right arm Medium fast,Not Specifed,Rovman Powell,Rovman Powell,https://www.espncricinfo.com/cricketers/rovman-powell-820351
428,35364,AP Majumdar,Right hand Bat,Legbreak Googly,Not Specifed,Anustup Prabir Majumdar,Anustup Prabir,Not Available
429,33919,Anand Rajan,Right hand Bat,Right arm Medium,Not Specifed,Anand Rajan,Anand Rajan,Not Available
430,2824,GC Viljoen,Right hand Bat,Right arm Fast,Not Specifed,GC Viljoen,GC Viljoen,Not Available
431,8773,Atharva Taide,Left hand Bat,Slow Left arm Orthodox,Not Specifed,Atharva Taide,Atharva Taide,https://www.espncricinfo.com/cricketers/atharva-taide-1125958
432,12065,Shoaib Malik,Right hand Bat,Right arm Offbreak,Not Specifed,Shoaib Malik,Shoaib Malik,Not Available
433,12070,Mohammad Asif,Left hand Bat,Right arm Fast medium,Not Specifed,Mohammad Asif,Mohammad Asif,Not Available
434,23,PA Patel,Left hand Bat,Right arm Offbreak,Wicketkeeper,Parthiv Ajay Patel,Parthiv Ajay,Not Available
435,8809,Noor Ahmad,Right hand Bat,Left arm Wrist spin,Not Specifed,Noor Ahmad Lakanwal,Noor Ahmad,https://www.espncricinfo.com/cricketers/noor-ahmad-1182529
436,6310,TL Seifert,Right hand Bat, ,Wicketkeeper,Tim Louis Seifert,Tim Louis,Not Available
437,38229,Shivam Sharma,Right hand Bat,Right arm Offbreak,Not Specifed,Shivam Sharma,Shivam Sharma,Not Available
438,5349,RM Patidar,Right hand Bat,Right arm Offbreak,Not Specifed,Rajat Manohar Patidar,Rajat Manohar,Not Available
439,12669,LA Pomersbach,Left hand Bat,Right arm Offbreak,Not Specifed,Luke Anthony Pomersbach,Luke Anthony,Not Available
440,39089,RG More,Right hand Bat,Right arm Medium,Not Specifed,Ronit Gajanan More,Ronit Gajanan,Not Available
441,7652,Simarjeet Singh,Right hand Bat,Right arm Medium fast,Not Specifed,Simarjeet Singh,Simarjeet Singh,https://www.espncricinfo.com/cricketers/simarjeet-singh-1159722
442,2227,MM Ali,Left hand Bat,Right arm Offbreak,Not Specifed,Moeen Munir Ali,Moeen Munir,Not Available
443,12364,DB Ravi Teja,Right hand Bat,Legbreak Googly,Not Specifed,Dwaraka Bhamidipati Ravi Teja,Dwaraka Bhamidipati,Not Available
444,491,Mohammad Nabi,Right hand Bat,Right arm Offbreak,Not Specifed,Mohammad Nabi,Mohammad Nabi,Not Available
445,569,JP Faulkner,Right hand Bat,Left arm Fast medium,Not Specifed,James Peter Faulkner,James Peter,Not Available
446,241,VR Aaron,Right hand Bat,Right arm Fast,Not Specifed,Varun Raymond Aaron,Varun Raymond,Not Available
447,15368,B Sumanth,Right hand Bat,Right arm Medium fast,Not Specifed,Bodapati Apparao Sumanth,Bodapati Apparao,Not Available
448,8005,PH Solanki,Right hand Bat,Legbreak,Not Specifed,Prashant Hitesh Solanki,Prashant Hitesh,Not Available
449,5686,KW Richardson,Right hand Bat,Right arm Fast medium,Not Specifed,Kane William Richardson,Kane William,Not Available
450,35,MA Agarwal,Right hand Bat,Right arm Offbreak,Not Specifed,Mayank Anurag Agarwal,Mayank Anurag,Not Available
451,9,TS Mills,Right hand Bat,Left arm Fast,Not Specifed,Tymal Solomon Mills,Tymal Solomon,Not Available
452,9508,JE Root,Right hand Bat,"Right arm Offbreak, Legbreak",Not Specifed,Joseph Edward Root,Joseph Edward,Not Available
453,2662,KK Ahmed,Right hand Bat,Left arm Medium,Not Specifed,Khaleel Khursheed Ahmed,Khaleel Khursheed,Not Available
454,15846,DJ Jacobs,Right hand Bat,Right arm Medium,Wicketkeeper,David Johan Jacobs,David Johan,Not Available
455,61,SA Yadav,Right hand Bat,"Right arm Medium, Right arm Offbreak",Not Specifed,Suryakumar Ashok Yadav,Suryakumar Ashok,Not Available
456,2700,SO Hetmyer,Left hand Bat, ,Not Specifed,Shimron Odilon Hetmyer,Shimron Odilon,Not Available
457,36069,BMAJ Mendis,Left hand Bat,Legbreak,Not Specifed,Balapuwaduge Manukulasuriya Amith Jeevan Mendis,Balapuwaduge Manukulasuriya,Not Available
458,41723,PWA Mulder,Right hand Bat,Right arm Medium,Not Specifed,Wiaan Mulder,Wiaan Mulder,https://www.espncricinfo.com/cricketers/wiaan-mulder-698189
459,41726,Zeeshan Ansari,Right hand Bat,Legbreak Googly,Not Specifed,Zeeshan Ansari,Zeeshan Ansari,https://www.espncricinfo.com/cricketers/zeeshan-ansari-942371
460,41758,J Overton,Right hand Bat,Right arm Fast,Not Specifed,Jamie Overton,Jamie Overton,https://www.espncricinfo.com/cricketers/jamie-overton-510530
461,41785,Ashwani Kumar,Left hand Bat,Left arm Medium,Not Specifed,Ashwani Kumar,Ashwani Kumar,https://www.espncricinfo.com/cricketers/ashwani-kumar-1209126
462,41851,PHKD Mendis,Left hand Bat,"Right arm Offbreak, Slow Left arm Orthodox",Not Specifed,Kamindu Mendis,Kamindu Mendis,https://www.espncricinfo.com/cricketers/kamindu-mendis-784373
463,42116,Himmat Singh,Right hand Bat,Right arm Offbreak,Not Specifed,Himmat Singh,Himmat Singh,https://www.espncricinfo.com/cricketers/himmat-singh-805235
464,42133,E Malinga,Left hand Bat,Right arm Fast medium,Not Specifed,Kiribathgala Kankanamalage Eshan Malinga Dharmasena,Kiribathgala Kankanamalage,Not Available
465,42206,SK Rasheed,Right hand Bat,Legbreak,Not Specifed,Shaik Rasheed,Shaik Rasheed,https://www.espncricinfo.com/cricketers/shaik-rasheed-1292497
466,42220,JP Inglis,Right hand Bat,,Wicketkeeper,Joshua Patrick Inglis,Joshua Patrick,Not Available
467,42226,XC Bartlett,Right hand Bat,Right arm Fast medium,Not Specifed,Xavier Colin Bartlett,Xavier Colin,Not Available
468,43253,C Bosch,Right hand Bat,Right arm Fast medium,Not Specifed,Corbin Bosch,Corbin Bosch,https://www.espncricinfo.com/cricketers/corbin-bosch-594322
469,43282,JG Bethell,Left hand Bat,Slow Left arm Orthodox,Not Specifed,Jacob Graham Bethell,Jacob Graham,Not Available
470,43300,Karim Janat,Right hand Bat,Right arm Medium,Not Specifed,Karim Janat,Karim Janat,https://www.espncricinfo.com/cricketers/karim-janat-793467
471,43451,KS Rathore,Left hand Bat,,Wicketkeeper,Kunal Singh Rathore,Kunal Singh,Not Available
472,43548,Urvil Patel,Right hand Bat,,Wicketkeeper,Urvil Mukesh Patel,Urvil Mukesh,Not Available
473,43574,M Tiwari,Right hand Bat,Right arm Medium fast,Not Specifed,Madhav Tiwari,Madhav Tiwari,https://www.espncricinfo.com/cricketers/madhav-tiwari-1460385
474,43582,MJ Owen,Right hand Bat,,Right arm Medium,Mitchell J Owen,Mitchell J,Not Available
475,43638,W O'Rourke,Right hand Bat,Right arm Fast,Right arm Fast,William Peter O'Rourke,William Peter,Not Available
476,43649,Harsh Dubey,Left hand Bat,Slow Left arm Orthodox,Not Specifed,Harsh Surendra Dubey,Harsh Surendra,Not Available
477,43820,MP Breetzke,Right hand Bat,,Wicketkeeper,Matthew Paul Breetzke,Matthew Paul,Not Available
478,43849,Musheer Khan,Right hand Bat,Slow Left arm Orthodox,Not Specifed,Musheer Khan,Musheer Khan,https://www.espncricinfo.com/cricketers/musheer-khan-1316430
479,43881,BKG Mendis,Right hand Bat,Legbreak,Not Specifed,Kusal Mendis,Kusal Mendis,Not Available
480,43954,Sediqullah Atal,Left hand Bat,,Not Specifed,Sediqullah Atal,Sediqullah Atal,Not Available
481,3388,Arshdeep Singh,Left hand Bat,Left arm Medium fast,Not Specifed,Arshdeep Singh,Arshdeep Singh,https://www.espncricinfo.com/cricketers/arshdeep-singh-1125976
482,34356,DAJ Bracewell,Right hand Bat,Right arm Fast medium,Not Specifed,Douglas Andrew John Bracewell,Douglas Andrew,Not Available
483,1970,AD Hales,Right hand Bat,Right arm Medium,Occasional Wicketkeeper,Alexander Daniel Hales,Alexander Daniel,Not Available
484,161,DT Christian,Right hand Bat,Right arm Fast medium,Not Specifed,Daniel Trevor Christian,Daniel Trevor,Not Available
485,12414,YV Takawale,Right hand Bat, ,Wicketkeeper,Yogesh Vijay Takawale,Yogesh Vijay,Not Available
486,62,CR Woakes,Right hand Bat,Right arm Fast medium,Not Specifed,Christopher Roger Woakes,Christopher Roger,Not Available
487,77,T Natarajan,Left hand Bat,Left arm Medium,Not Specifed,Thangarasu Natarajan,Thangarasu Natarajan,Not Available
488,5354,KA Jamieson,Right hand Bat,Right arm Fast medium,Not Specifed,Kyle Alex Jamieson,Kyle Alex,Not Available
489,13231,KP Pietersen,Right hand Bat,Right arm Offbreak,Not Specifed,Kevin Peter Pietersen,Kevin Peter,Not Available
490,11948,Joginder Sharma,Right hand Bat,Right arm Fast medium,Not Specifed,Joginder Sharma,Joginder Sharma,Not Available
491,13220,T Henderson,Right hand Bat,Right arm Fast medium,Not Specifed,Tyron Henderson,Tyron Henderson,Not Available
492,15837,UBT Chand,Right hand Bat,Right arm Offbreak,Not Specifed,Unmukt Bharat Thakur Chand,Unmukt Bharat,Not Available
493,12008,Y Venugopal Rao,Right hand Bat,Right arm Offbreak,Not Specifed,Yalaka Venugopal Rao,Yalaka Venugopal,Not Available
494,471,NM Coulter-Nile,Right hand Bat,Right arm Fast,Not Specifed,Nathan Mitchell Coulter-Nile,Nathan Mitchell,Not Available
495,34706,T Mishra,Right hand Bat,Right arm Fast medium,Not Specifed,Tanmay Mishra,Tanmay Mishra,Not Available
496,14481,AG Murtaza,Left hand Bat,Slow Left arm Orthodox,Not Specifed,Ali Ghulam Murtaza,Ali Ghulam,Not Available
497,3718,S Sandeep Warrier,Right hand Bat,Right arm Medium,Not Specifed,Sankarankutty Sandeep Warrier,Sankarankutty Sandeep,Not Available
498,8626,WD Parnell,Left hand Bat,Left arm Medium fast,Not Specifed,Wayne Dillon Parnell,Wayne Dillon,Not Available
499,546,Gurkeerat Singh,Right hand Bat,Right arm Offbreak,Not Specifed,Gurkeerat Rupinder Singh,Gurkeerat Rupinder,Not Available
500,14961,KB Arun Karthik,Right hand Bat,Legbreak Googly,Occasional Wicketkeeper,Konda Bhaskir Arun Karthik,Konda Bhaskir,Not Available
501,12046,Pankaj Singh,Right hand Bat,Right arm Medium fast,Not Specifed,Pankaj Singh,Pankaj Singh,Not Available
502,245,AB de Villiers,Right hand Bat,Right arm Medium,Wicketkeeper,Abraham Benjamin de Villiers,Abraham Benjamin,Not Available
503,4771,CJ Green,Right hand Bat,Right arm Offbreak,Not Specifed,Christopher James Green,Christopher James,Not Available
504,48,AJ Finch,Right hand Bat,Slow Left arm Orthodox,Not Specifed,Aaron James Finch,Aaron James,Not Available
505,9069,D Wiese,Right hand Bat,Right arm Medium fast,Not Specifed,David Wiese,David Wiese,Not Available
506,4023,JL Pattinson,Left hand Bat,Right arm Fast medium,Not Specifed,James Lee Pattinson,James Lee,Not Available
507,11935,MV Boucher,Right hand Bat,Right arm Medium,Wicketkeeper,Mark Verdon Boucher,Mark Verdon,Not Available
508,34171,RW Price,Right hand Bat,Slow Left arm Orthodox,Not Specifed,Raymond William Price,Raymond William,Not Available
509,13026,A Mukund,Left hand Bat,Legbreak Googly,Not Specifed,Abhinav Mukund,Abhinav Mukund,Not Available
510,6717,OF Smith,Right hand Bat,Right arm Fast medium,Not Specifed,Odean Fabian Smith,Odean Fabian,Not Available
511,767,Anureet Singh,Right hand Bat,Right arm Medium,Not Specifed,Kathuria Anureet Singh,Kathuria Anureet,Not Available
512,35146,BB Samantray,Right hand Bat,Right arm Medium,Not Specifed,Biplab Bipin Samantray,Biplab Bipin,Not Available
513,39661,GS Sandhu,Left hand Bat,Right arm Fast medium,Not Specifed,Gurinder Singh Sandhu,Gurinder Singh,Not Available
514,1452,B Laughlin,Right hand Bat,Right arm Fast medium,Not Specifed,Ben Laughlin,Ben Laughlin,Not Available
515,14520,RS Gavaskar,Left hand Bat,Slow Left arm Orthodox,Not Specifed,Rohan Sunil Gavaskar,Rohan Sunil,Not Available
516,2703,Navdeep Saini,Right hand Bat,Right arm Fast,Not Specifed,Navdeep Saini,Navdeep Saini,Not Available
517,10152,Azmatullah Omarzai,Right hand Bat,Right arm Medium fast,Not Specifed,Azmatullah Omarzai,Azmatullah Omarzai,https://www.espncricinfo.com/cricketers/azmatullah-omarzai-819429
518,10528,Kumar Kushagra,Right hand Bat,,Wicketkeeper,Kumar Kushagra,Kumar Kushagra,https://www.espncricinfo.com/cricketers/kumar-kushagra-1207295
519,11640,Shivam Singh,Right hand Bat,Right arm Offbreak,Not Specifed,Shivam Singh,Shivam Singh,Not Available
520,10456,Ashutosh Sharma,Right hand Bat,,Not Specifed,Ashutosh Sharma,Ashutosh Sharma,https://www.espncricinfo.com/cricketers/ashutosh-sharma-1131978
521,10302,MP Yadav,Right hand Bat,Right arm Fast,Not Specifed,Mayank Yadav,Mayank Yadav,https://www.espncricinfo.com/cricketers/mayank-yadav-1292563
522,10303,M Siddharth,Right hand Bat,Slow Left arm Orthodox,Not Specifed,Manimaran Siddharth,Manimaran Siddharth,Not Available
523,10548,BR Sharath,Right hand Bat,,Wicketkeeper,Belur Ravi Sharath,Belur Ravi,Not Available
524,11562,T Kohler-Cadmore,Right hand Bat,Right arm Offbreak,Wicketkeeper,Tom Kohler-Cadmore,Tom Kohler,Not Available
525,11810,PVSN Raju,Left hand Bat,Right arm Medium fast,Not Specifed,Penumatsa Venkata Satyanarayana Raju,Penumatsa Venkata,Not Available
526,11833,DS Rathi,Right hand Bat,Legbreak,Not Specifed,Digvesh Singh Rathi,Digvesh Singh,https://www.espncricinfo.com/cricketers/digvesh-rathi-1460529
527,42511,MS Bhandage,Left hand Bat,Right arm Medium fast,Not Specifed,Manoj Shivaramsa Bhandage,Manoj Shivaramsa,Not Available
528,42566,V Suryavanshi,Left hand Bat,Slow Left arm Orthodox,Not Specifed,Vaibhav Suryavanshi,Vaibhav Suryavanshi,https://www.espncricinfo.com/cricketers/vaibhav-suryavanshi-1408688
529,42603,A Mhatre,Right hand Bat,Right arm Offbreak,Not Specifed,Ayush Mhatre,Ayush Mhatre,Not Available
530,38,MS Dhoni,Right hand Bat,Right arm Medium,Wicketkeeper,Mahendra Singh Dhoni,Mahendra Singh,Not Available
531,38515,K Santokie,Left hand Bat,Left arm Medium,Not Specifed,Krishmar Santokie,Krishmar Santokie,Not Available
532,15049,C Ganapathy,Right hand Bat,Right arm Medium,Not Specifed,Chandrasekar Ganapathy,Chandrasekar Ganapathy,Not Available
533,6715,RA Bawa,Left hand Bat,Right arm Medium fast,Not Specifed,RajAngadBawa,RajAngad,Not Available
534,318,UT Yadav,Right hand Bat,Right arm Fast,Not Specifed,Umeshkumar Tilak Yadav,Umeshkumar Tilak,Not Available
535,16414,KMDN Kulasekara,Right hand Bat,Right arm Fast medium,Not Specifed,Kulasekara Mudiyanselage Dinesh Nuwan Kulasekara,Kulasekara Mudiyanselage,Not Available
536,37,BA Stokes,Left hand Bat,Right arm Fast medium,Not Specifed,Benjamin Andrew Stokes,Benjamin Andrew,Not Available
537,1986,MK Lomror,Left hand Bat,Slow Left arm Orthodox,Not Specifed,Mahipal Krishan Lomror,Mahipal Krishan,Not Available
538,6212,T Shamsi,Right hand Bat,Left arm Wrist spin,Not Specifed,Tabraiz Shamsi,Tabraiz Shamsi,Not Available
539,3505,SE Rutherford,Left hand Bat,Right arm Fast medium,Not Specifed,Sherfane Eviston Rutherford,Sherfane Eviston,Not Available
540,34817,Azhar Mahmood,Right hand Bat,Right arm Fast medium,Not Specifed,Azhar Mahmood Sagar,Azhar Mahmood,Not Available
541,4146,TU Deshpande,Left hand Bat,Right arm Medium,Not Specifed,Tushar Uday Deshpande,Tushar Uday,Not Available
542,11987,DJ Thornely,Right hand Bat,"Right arm Medium, Right arm Offbreak",Not Specifed,Dominic John Thornely,Dominic John,Not Available
543,11928,M Kartik,Left hand Bat,Slow Left arm Orthodox,Not Specifed,Murali Kartik,Murali Kartik,Not Available
544,297,Mustafizur Rahman,Left hand Bat,Left arm Fast medium,Not Specifed,Mustafizur Rahman,Mustafizur Rahman,Not Available
545,8400,RJW Topley,Right hand Bat,Left arm Fast medium,Not Specifed,Reece James William Topley,Reece James,Not Available
546,13458,KP Appanna,Right hand Bat,Slow Left arm Orthodox,Not Specifed,Kotarangada Prabhu Appanna,Kotarangada Prabhu,Not Available
547,6245,NT Ellis,Right hand Bat,Right arm Fast medium,Not Specifed,Nathan Ellis,Nathan Ellis,https://www.espncricinfo.com/cricketers/nathan-ellis-826915
548,1416,R Ashwin,Right hand Bat,Right arm Offbreak,Not Specifed,Ravichandran Ashwin,Ravichandran Ashwin,https://www.espncricinfo.com/cricketers/ravichandran-ashwin-26421
549,7947,T Stubbs,Right hand Bat,Right arm Offbreak,Wicketkeeper,Tristan Stubbs,Tristan Stubbs,https://www.espncricinfo.com/cricketers/tristan-stubbs-595978
550,1443,DJM Short,Left hand Bat,Left arm Wrist spin,Not Specifed,D'Arcy John Matthew Short,D'Arcy John,Not Available
551,811,IK Pathan,Left hand Bat,Left arm Medium fast,Not Specifed,Irfan Khan Pathan,Irfan Khan,Not Available
552,634,AD Nath,Right hand Bat,Right arm Medium fast,Not Specifed,Akshdeep Deependra Nath,Akshdeep Deependra,Not Available
553,14485,AA Jhunjhunwala,Right hand Bat,Right arm Offbreak,Not Specifed,Abhishek Arunkumar Jhunjhunwala,Abhishek Arunkumar,Not Available
554,180,SV Samson,Right hand Bat, ,Wicketkeeper,Sanju Viswanath Samson,Sanju Viswanath,Not Available
555,12221,TM Srivastava,Left hand Bat,Right arm Medium,Not Specifed,Tanmay Manoj Srivastava,Tanmay Manoj,Not Available
556,6036,Akash Singh,Right hand Bat,Left arm Medium fast,Not Specifed,Akash Maharaj Singh,Akash Maharaj,Not Available
557,35030,R Shukla,Right hand Bat,Right arm Medium,Not Specifed,Rahul Shukla,Rahul Shukla,Not Available
558,12160,A Kumble,Right hand Bat,Legbreak Googly,Not Specifed,Anil Kumble,Anil Kumble,Not Available
559,12035,S Sohal,Right hand Bat,Legbreak,Not Specifed,Sunny Sohal,Sunny Sohal,Not Available
560,16007,JJ van der Wath,Right hand Bat,Right arm Medium fast,Not Specifed,Johannes Jacobus van der Wath,Johannes Jacobus,Not Available
561,13882,GJ Bailey,Right hand Bat,Right arm Medium,Not Specifed,George John Bailey,George John,Not Available
562,2719,JM Bairstow,Right hand Bat,Right arm Medium,Wicketkeeper,Jonathan Marc Bairstow,Jonathan Marc,Not Available
563,66,TA Boult,Right hand Bat,Left arm Fast medium,Not Specifed,Trent Alexander Boult,Trent Alexander,Not Available
564,258,CJ Anderson,Left hand Bat,Left arm Medium fast,Not Specifed,Corey James Anderson,Corey James,Not Available
565,7036,Ramandeep Singh,Right hand Bat,Right arm Medium,Not Specifed,Ramandeep Singh,Ramandeep Singh,https://www.espncricinfo.com/cricketers/ramandeep-singh-1079470
566,24,JC Buttler,Right hand Bat, ,Wicketkeeper,Joseph Charles Buttler,Joseph Charles,https://ipl-stats-sports-mechanic.s3.ap-south-1.amazonaws.com/ipl/playerimages/Jos%20Buttler.png
567,35239,BW Hilfenhaus,Right hand Bat,Right arm Fast medium,Not Specifed,Benjamin William Hilfenhaus,Benjamin William,Not Available
568,5955,DJ Malan,Left hand Bat,Legbreak,Not Specifed,Dawid Johannes Malan,Dawid Johannes,Not Available
569,12107,GC Smith,Left hand Bat,Right arm Offbreak,Not Specifed,Graeme Craig Smith,Graeme Craig,Not Available
570,438,JD Unadkat,Right hand Bat,Left arm Medium,Not Specifed,Jaydev Dipakbhai Unadkat,Jaydev Dipakbhai,Not Available
571,2947,MJ Santner,Left hand Bat,Slow Left arm Orthodox,Not Specifed,Mitchell Josef Santner,Mitchell Josef,Not Available
572,348,RA Jadeja,Left hand Bat,Slow Left arm Orthodox,Not Specifed,Ravindrasinh Anirudhsinh Jadeja,Ravindrasinh Anirudhsinh,Not Available
573,16529,M Klinger,Right hand Bat, ,Not Specifed,Michael Klinger,Michael Klinger,Not Available
574,12193,DNT Zoysa,Left hand Bat,Left arm Fast medium,Not Specifed,Demuni Nuwan Tharanga Zoysa,Demuni Nuwan,Not Available
575,35322,PA Reddy,Right hand Bat,Legbreak,Not Specifed,Produturi Akshath Reddy,Produturi Akshath,Not Available
576,13271,FH Edwards,Right hand Bat,Right arm Fast,Not Specifed,Fidel Henderson Edwards,Fidel Henderson,Not Available
577,14353,Mohammad Ashraful,Right hand Bat,"Right arm Offbreak, Legbreak",Not Specifed,Mohammad Ashraful,Mohammad Ashraful,Not Available
578,12315,Salman Butt,Left hand Bat,Right arm Offbreak,Not Specifed,Salman Butt,Salman Butt,Not Available
579,9044,Abdul Basith,Right hand Bat,Right arm Offbreak,Not Specifed,Pappanayil Abdul Basith,Pappanayil Abdul,Not Available
580,4274,JDS Neesham,Left hand Bat,Right arm Medium fast,Not Specifed,James Douglas Sheahan Neesham,James Douglas,Not Available
581,11942,ML Hayden,Left hand Bat,Right arm Medium,Not Specifed,Matthew Lawrence Hayden,Matthew Lawrence,"https://img1.hscicdn.com/image/upload/f_auto,t_ds_w_1280,q_80/lsci/db/PICTURES/CMS/319700/319706.png"
582,637,SS Agarwal,Right hand Bat,Legbreak Googly,Not Specifed,Shubham Sanjay Agarwal,Shubham Sanjay,Not Available
583,33,JJ Bumrah,Right hand Bat,Right arm Fast,Not Specifed,Jasprit Jasbirsingh Bumrah,Jasprit Jasbirsingh,Not Available
584,34931,A Chandila,Right hand Bat,Right arm Offbreak,Not Specifed,Ajit  Chandila,Ajit  Chandila,Not Available
585,697,DM Bravo,Left hand Bat,Right arm Medium,Occasional Wicketkeeper,Darren Michael Bravo,Darren Michael,Not Available
586,7077,HE van der Dussen,Right hand Bat,Legbreak,Not Specifed,Hendrik Erasmus van der Dussen,Hendrik Erasmus,Not Available
587,2934,P Ray Barman,Right hand Bat,Legbreak Googly,Not Specifed,Prayas Ray Barman,Prayas Ray,Not Available
588,2760,Rasikh Salam,Right hand Bat,Right arm Medium,Not Specifed,Rasikh Salam Dar,Rasikh Salam,Not Available
589,14729,AC Voges,Right hand Bat,Slow Left arm Orthodox,Not Specifed,Adam Charles Voges,Adam Charles,Not Available
590,1436,RK Singh,Left hand Bat,Right arm Offbreak,Not Specifed,Rinku Khanchand Singh,Rinku Khanchand,Not Available
591,1421,Q de Kock,Left hand Bat, ,Wicketkeeper,Quinton de Kock,Quinton de,Not Available
592,12523,L Balaji,Right hand Bat,Right arm Medium fast,Not Specifed,Lakshmipathy Balaji,Lakshmipathy Balaji,Not Available
593,6999,B Sai Sudharsan,Left hand Bat,Legbreak,Not Specifed,Bhardwaj Sai Sudharsan,Bhardwaj Sai,https://ipl-stats-sports-mechanic.s3.ap-south-1.amazonaws.com/ipl/playerimages/Sai%20Sudharsan.png
594,5980,PWH de Silva,Right hand Bat,Legbreak,Not Specifed,Pinnaduwage Wanindu Hasaranga de Silva,Pinnaduwage Wanindu,Not Available
595,11990,AM Nayar,Left hand Bat,Right arm Medium,Not Specifed,Abhishek Mohan Nayar,Abhishek Mohan,Not Available
596,14505,MS Bisla,Right hand Bat, ,Wicketkeeper,Manvinder Sultansingh Bisla,Manvinder Sultansingh,Not Available
597,12009,VVS Laxman,Right hand Bat,Right arm Offbreak,Not Specifed,Vangipurappu Venkata Sai Laxman,Vangipurappu Venkata,Not Available
598,6795,D Pretorius,Right hand Bat,Right arm Medium fast,Not Specifed,Dwaine Pretorius,Dwaine Pretorius,Not Available
599,38322,VH Zol,Left hand Bat,Right arm Offbreak,Not Specifed,Vijay Hari Zol,Vijay Hari,Not Available
600,12093,VS Yeligati,Right hand Bat,Right arm Offbreak,Not Specifed,Vikrant Shyam Yeligati,Vikrant Shyam,Not Available
601,5408,JA Richardson,Right hand Bat,Right arm Fast,Not Specifed,Jhye Avon Richardson,Jhye Avon,Not Available
602,4071,D Padikkal,Left hand Bat,Right arm Offbreak,Not Specifed,Devdutt Padikkal,Devdutt Padikkal,https://www.espncricinfo.com/cricketers/devdutt-padikkal-1119026
603,15507,AG Paunikar,Right hand Bat, ,Wicketkeeper,Amit Gajanan Paunikar,Amit Gajanan,Not Available
604,11985,L Ronchi,Right hand Bat, ,Wicketkeeper,Luke Ronchi,Luke Ronchi,Not Available
605,34,AM Rahane,Right hand Bat,Right arm Medium,Not Specifed,Ajinkya Madhukar Rahane,Ajinkya Madhukar,https://ipl-stats-sports-mechanic.s3.ap-south-1.amazonaws.com/ipl/playerimages/Ajinkya%20Rahane.png
606,13402,RR Bose,Right hand Bat,Right arm Fast medium,Not Specifed,Ranadeb Ranjit Bose,Ranadeb Ranjit,Not Available
607,36213,R Rampaul,Left hand Bat,Right arm Fast medium,Not Specifed,Ravindranath Rampaul,Ravindranath Rampaul,Not Available
608,12535,A Chopra,Right hand Bat,"Right arm Medium, Right arm Offbreak",Not Specifed,Aakash Chopra,Aakash Chopra,Not Available
609,11930,R Dravid,Right hand Bat,Right arm Offbreak,Occasional Wicketkeeper,Rahul Sharad Dravid,Rahul Sharad,Not Available
610,13973,C Nanda,Right hand Bat,Legbreak,Not Specifed,Chetanya Nanda,Chetanya Nanda,Not Available
611,4099,Abdul Samad,Right hand Bat,Legbreak,Not Specifed,Abdul Samad Farooq,Abdul Samad,https://www.espncricinfo.com/cricketers/abdul-samad-1175485
612,3284,LS Livingstone,Right hand Bat,"Right arm Offbreak, Legbreak",Not Specifed,Liam Stephen Livingstone,Liam Stephen,Not Available
613,7365,HR Shokeen,Right hand Bat,Right arm Offbreak,Not Specifed,Hrithik Rakesh Shokeen,Hrithik Rakesh,Not Available
614,7172,Yash Dayal,Right hand Bat,Left arm Medium fast,Not Specifed,Yash Dayal,Yash Dayal,https://www.espncricinfo.com/cricketers/yash-dayal-1159720
615,38691,Karanveer Singh,Right hand Bat,Legbreak Googly,Not Specifed,Karanveer Singh,Karanveer Singh,Not Available
616,15472,C Madan,Right hand Bat, ,Wicketkeeper,Chandan Madan,Chandan Madan,Not Available
617,10,YS Chahal,Right hand Bat,Legbreak Googly,Not Specifed,Yuzvendra Singh Chahal,Yuzvendra Singh,https://ipl-stats-sports-mechanic.s3.ap-south-1.amazonaws.com/ipl/playerimages/Yuzvendra%20Chahal.png
618,16382,JE Taylor,Right hand Bat,Right arm Fast,Not Specifed,Jerome Everton Taylor,Jerome Everton,Not Available
619,11931,W Jaffer,Right hand Bat,Right arm Offbreak,Not Specifed,Wasim Jaffer,Wasim Jaffer,Not Available
620,14,MC Henriques,Right hand Bat,Right arm Fast medium,Not Specifed,Moises Constantino Henriques,Moises Constantino,Not Available
621,11936,B Akhil,Right hand Bat,Right arm Medium fast,Not Specifed,Balachandra Akhil,Balachandra Akhil,Not Available
622,1120,MJ Henry,Right hand Bat,Right arm Fast medium,Not Specifed,Matthew James Henry,Matthew James,Not Available
623,64,Kuldeep Yadav,Left hand Bat,Left arm Wrist spin,Not Specifed,Kuldeep Yadav,Kuldeep Yadav,https://www.espncricinfo.com/cricketers/kuldeep-yadav-559235
624,11975,V Sehwag,Right hand Bat,Right arm Offbreak,Not Specifed,Virender Sehwag,Virender Sehwag,Not Available
625,12017,PP Ojha,Left hand Bat,Slow Left arm Orthodox,Not Specifed,Pragyan Prayash Ojha,Pragyan Prayash,"https://img1.hscicdn.com/image/upload/f_auto,t_ds_square_w_160/lsci/db/PICTURES/CMS/322600/322694.1.png"
626,8356,NA Saini,Right hand Bat,Right arm Fast,Not Specifed,Navdeep Amarjeet Saini,Navdeep Amarjeet,Not Available
627,12345,M Ntini,Right hand Bat,Right arm Fast,Not Specifed,Makhaya Ntini,Makhaya Ntini,Not Available
628,18,NV Ojha,Right hand Bat, ,Wicketkeeper,Naman Vinaykumar Ojha,Naman Vinaykumar,Not Available
629,34272,RE Levi,Right hand Bat,Right arm Medium,Not Specifed,Richard Ernst Levi,Richard Ernst,Not Available
630,14478,R McLaren,Left hand Bat,Right arm Medium fast,Not Specifed,Ryan McLaren,Ryan McLaren,Not Available
631,15745,ND Doshi,Right hand Bat,Slow Left arm Orthodox,Not Specifed,Nayan Dilip Doshi,Nayan Dilip,Not Available
632,26,N Rana,Left hand Bat,"Right arm Medium, Right arm Offbreak, Legbreak",Not Specifed,Nitish Rana,Nitish Rana,https://www.espncricinfo.com/cricketers/nitish-rana-604527
633,12795,RV Pawar,Left hand Bat,Slow Left arm Orthodox,Not Specifed,Rajesh Vithal Pawar,Rajesh Vithal,Not Available
634,8425,Yash Thakur,Right hand Bat,Right arm Fast medium,Not Specifed,Yash Ravisingh Thakur,Yash Ravisingh,Not Available
635,13698,SM Harwood,Right hand Bat,Right arm Fast medium,Not Specifed,Shane Michael Harwood,Shane Michael,Not Available
636,1,CH Gayle,Left hand Bat,Right arm Offbreak,Not Specifed,Christopher Henry Gayle,Christopher Henry,https://ipl-stats-sports-mechanic.s3.ap-south-1.amazonaws.com/ipl/playerimages/Chris%20Gayle.png
637,11962,S Sreesanth,Right hand Bat,Right arm Fast medium,Not Specifed,Shanthakumaran Sreesanth,Shanthakumaran Sreesanth,Not Available
638,15807,AL Menaria,Left hand Bat,Slow Left arm Orthodox,Not Specifed,Ashok Lakshminarayan Menaria,Ashok Lakshminarayan,Not Available
639,2023,KM Asif,Right hand Bat,Right arm Medium,Not Specifed,KM Asif,KM Asif,Not Available
640,2766,N Pooran,Left hand Bat,Right arm Offbreak,Wicketkeeper,Nicholas Pooran,Nicholas Pooran,https://ipl-stats-sports-mechanic.s3.ap-south-1.amazonaws.com/ipl/playerimages/Nicholas%20Pooran.png
641,8953,Mayank Dagar,Right hand Bat,Slow Left arm Orthodox,Not Specifed,Mayank J Dagar,Mayank J,Not Available
642,9748,MD Shanaka,Right hand Bat,Right arm Medium,Not Specifed,Madagamagamage Dasun Shanaka,Madagamagamage Dasun,Not Available
643,267,F du Plessis,Right hand Bat,Legbreak,Not Specifed,Francois du Plessis,Francois du,https://ipl-stats-sports-mechanic.s3.ap-south-1.amazonaws.com/ipl/playerimages/Faf%20Du%20Plessis.png
644,13320,Yashpal Singh,Right hand Bat,Right arm Medium,Not Specifed,Yashpal Singh,Yashpal Singh,Not Available
645,13228,JD Ryder,Left hand Bat,Right arm Medium,Not Specifed,Jesse Daniel Ryder,Jesse Daniel,Not Available
646,2768,SM Curran,Left hand Bat,Left arm Medium fast,Not Specifed,Samuel Matthew Curran,Samuel Matthew,Not Available
647,1630,M Vijay,Right hand Bat,Right arm Offbreak,Not Specifed,Murali Vijay,Murali Vijay,Not Available
648,36227,SMSM Senanayake,Right hand Bat,Right arm Offbreak,Not Specifed,Senanayake Mudiyanselage Sachithra Madhushanka Senanayake,Senanayake Mudiyanselage,Not Available
649,1398,C Munro,Left hand Bat,Right arm Medium fast,Not Specifed,Colin Munro,Colin Munro,Not Available
650,12314,Gagandeep Singh,Right hand Bat,Right arm Medium fast,Not Specifed,Gagandeep Singh,Gagandeep Singh,Not Available
651,34058,S Rana,Right hand Bat,Right arm Medium fast,Not Specifed,Sachin Rana,Sachin Rana,Not Available
652,8,S Aravind,Left hand Bat,Left arm Medium fast,Not Specifed,Sreenath Aravind,Sreenath Aravind,Not Available
653,341,S Badree,Right hand Bat,Legbreak,Not Specifed,Samuel Badree,Samuel Badree,Not Available
654,14278,AB McDonald,Right hand Bat,Right arm Fast medium,Not Specifed,Andrew Barry McDonald,Andrew Barry,Not Available
655,184,PJ Cummins,Right hand Bat,Right arm Fast,Not Specifed,Patrick James Cummins,Patrick James,Not Available
656,4078,I Udana,Right hand Bat,Left arm Medium fast,Not Specifed,Isuru Udana Tillakaratna,Isuru Udana,Not Available
657,1998,M Ashwin,Right hand Bat,Legbreak Googly,Not Specifed,Murugan Ashwin,Murugan Ashwin,Not Available
658,13203,T Thushara,Left hand Bat,Left arm Fast medium,Not Specifed,Magina Thilan Thushara Mirando,Magina Thilan,Not Available
659,14649,DR Martyn,Right hand Bat,Right arm Medium,Not Specifed,Damien Richard Martyn,Damien Richard,Not Available
660,11998,LRPL Taylor,Right hand Bat,Right arm Offbreak,Not Specifed,Luteru Ross Poutoa Lote Taylor,Luteru Ross,Not Available
661,12765,PM Sarvesh Kumar,Right hand Bat,Right arm Medium,Not Specifed,PM Sarvesh Kumar,PM Sarvesh,Not Available
662,8312,Sikandar Raza,Right hand Bat,Right arm Offbreak,Not Specifed,Sikandar Raza Butt,Sikandar Raza,Not Available
663,12842,Abdur Razzak,Left hand Bat,Slow Left arm Orthodox,Not Specifed,Abdur Razzak,Abdur Razzak,Not Available
664,7005,DG Nalkande,Right hand Bat,Right arm Fast medium,Not Specifed,Darshan Girish Nalkande,Darshan Girish,Not Available
665,16296,J Syed Mohammad,Left hand Bat,Slow Left arm Orthodox,Not Specifed,Jamaluddin Syed Mohammad,Jamaluddin Syed,Not Available
666,2745,KMA Paul,Right hand Bat,Right arm Fast medium,Not Specifed,Keemo Mandela Angus Paul,Keemo Mandela,Not Available
667,14873,NLTC Perera,Left hand Bat,Right arm Medium fast,Not Specifed,Narangoda Liyanaarachchilage Thisara Chirantha Perera,Narangoda Liyanaarachchilage,Not Available
668,6727,A Badoni,Right hand Bat,Right arm Offbreak,Not Specifed,Ayush Badoni,Ayush Badoni,https://www.espncricinfo.com/cricketers/ayush-badoni-1151270
669,1471,TK Curran,Right hand Bat,Right arm Fast medium,Not Specifed,Thomas Kevin Curran,Thomas Kevin,Not Available
670,14454,Anirudh Singh,Left hand Bat,Right arm Medium,Not Specifed,Anirudh Singh,Anirudh Singh,Not Available
671,3793,J Suchith,Left hand Bat,Slow Left arm Orthodox,Not Specifed,Jagadeesha Suchith,Jagadeesha Suchith,Not Available
672,1581,Shivam Mavi,Right hand Bat,Right arm Fast medium,Not Specifed,Shivam Pankaj Mavi,Shivam Pankaj,Not Available
673,57,CA Lynn,Right hand Bat,Slow Left arm Orthodox,Not Specifed,Christopher Austin Lynn,Christopher Austin,Not Available
674,5986,VR Iyer,Left hand Bat,Right arm Medium,Not Specifed,Venkatesh Rajasekaran Iyer,Venkatesh Rajasekaran,Not Available
675,12369,DP Vijaykumar,Right hand Bat,Right arm Medium,Not Specifed,David Paidikalva Vijaykumar,David Paidikalva,Not Available
676,178,SW Billings,Right hand Bat, ,Wicketkeeper,Samuel William Billings,Samuel William,Not Available
677,33963,Y Gnaneswara Rao,Right hand Bat,Right arm Medium,Not Specifed,Yalaka Gnaneswara Rao,Yalaka Gnaneswara,Not Available
678,3641,O Thomas,Left hand Bat,Right arm Fast,Not Specifed,Oshane Romaine Thomas,Oshane Romaine,Not Available
679,7476,R Dhawan,Right hand Bat,Right arm Medium fast,Not Specifed,Rishi Dhawan,Rishi Dhawan,Not Available
680,15867,BA Bhatt,Left hand Bat,Slow Left arm Orthodox,Not Specifed,Bhargav Ashok Bhatt,Bhargav Ashok,Not Available
681,6550,TH David,Right hand Bat,Right arm Offbreak,Not Specifed,Timothy Hays David,Timothy Hays,Not Available
682,12269,CRD Fernando,Right hand Bat,Right arm Fast medium,Not Specifed,Congenige Randhi Dilhara Fernando,Congenige Randhi,Not Available
683,16009,R Ninan,Right hand Bat,Right arm Offbreak,Not Specifed,Ryan Ninan,Ryan Ninan,Not Available
684,11,A Choudhary,Right hand Bat,Left arm Medium,Not Specifed,Aniket Vinod Choudhary,Aniket Vinod,Not Available
685,3100,AS Joseph,Right hand Bat,Right arm Fast,Not Specifed,Alzarri Shaheim Joseph,Alzarri Shaheim,Not Available
686,6944,D Brevis,Right hand Bat,Legbreak,Not Specifed,Dewald Brevis,Dewald Brevis,Not Available
687,14303,CK Langeveldt,Right hand Bat,Right arm Fast medium,Not Specifed,Charl Kenneth Langeveldt,Charl Kenneth,Not Available
688,14707,AB Barath,Right hand Bat,Right arm Offbreak,Not Specifed,Adrian Boris Barath,Adrian Boris,Not Available
689,2138,DR Shorey,Right hand Bat,Right arm Offbreak,Not Specifed,Dhruv Ranjan Shorey,Dhruv Ranjan,Not Available
690,753,SP Jackson,Right hand Bat, ,Wicketkeeper,Sheldon Philip Jackson,Sheldon Philip,Not Available
691,2,Mandeep Singh,Right hand Bat,Right arm Medium,Not Specifed,Mandeep Singh,Mandeep Singh,Not Available
692,11956,SM Katich,Left hand Bat,Left arm Wrist spin,Not Specifed,Simon Mathew Katich,Simon Mathew,Not Available
693,538,Mohammed Siraj,Right hand Bat,Right arm Fast,Not Specifed,Mohammed Siraj,Mohammed Siraj,https://www.espncricinfo.com/cricketers/mohammed-siraj-940973
694,12234,JA Morkel,Left hand Bat,Right arm Medium fast,Not Specifed,Johannes Albertus Morkel,Johannes Albertus,Not Available
695,50,DR Smith,Right hand Bat,Right arm Medium,Not Specifed,Dwayne Romel Smith,Dwayne Romel,Not Available
696,13,S Dhawan,Left hand Bat,Right arm Offbreak,Not Specifed,Shikhar Dhawan,Shikhar Dhawan,https://ipl-stats-sports-mechanic.s3.ap-south-1.amazonaws.com/ipl/playerimages/Shikhar%20Dhawan.png
697,71,GJ Maxwell,Right hand Bat,Right arm Offbreak,Not Specifed,Glenn James Maxwell,Glenn James,https://ipl-stats-sports-mechanic.s3.ap-south-1.amazonaws.com/ipl/playerimages/Glenn%20Maxwell.png
698,36973,UA Birla,Right hand Bat,Right arm Medium,Not Specifed,Udit Alok Birla,Udit Alok,Not Available
699,316,C de Grandhomme,Right hand Bat,Right arm Medium fast,Not Specifed,Colin de Grandhomme,Colin de,Not Available
700,8646,YV Dhull,Right hand Bat,Right arm Offbreak,Not Specifed,Yash Vijay Dhull,Yash Vijay,Not Available
701,34522,GB Hogg,Left hand Bat,Left arm Wrist spin,Not Specifed,George Bradley Hogg,George Bradley,Not Available
702,8776,Harpreet Singh,Left hand Bat,Right arm Medium,Not Specifed,Harpreet Singh Bhatia,Harpreet Singh,Not Available
703,12546,J Arunkumar,Right hand Bat,Right arm Offbreak,Not Specifed,Jagadeesh Arunkumar,Jagadeesh Arunkumar,Not Available
704,14712,SJ Srivastava,Right hand Bat,Left arm Fast medium,Not Specifed,Shalabh Jagdishprasad Srivastava,Shalabh Jagdishprasad,Not Available
705,8082,R Sanjay Yadav,Left hand Bat,Slow Left arm Orthodox,Not Specifed,Ramsingh  Sanjay Yadav,Ramsingh  Sanjay,Not Available
706,15150,SB Wagh,Left hand Bat,Left arm Medium fast,Not Specifed,Shrikant Bhaskar Wagh,Shrikant Bhaskar,Not Available
707,179,KK Nair,Right hand Bat,Right arm Offbreak,Not Specifed,Karun Nair,Karun Nair,https://www.espncricinfo.com/cricketers/karun-nair-398439
708,228,Harbhajan Singh,Right hand Bat,Right arm Offbreak,Not Specifed,Harbhajan Singh,Harbhajan Singh,Not Available
709,1035,LMP Simmons,Right hand Bat,Right arm Medium fast,Occasional Wicketkeeper,Lendl Mark Platter Simmons,Lendl Mark,Not Available
710,13502,Shoaib Ahmed,Right hand Bat,Right arm Fast medium,Not Specifed,Syed Mohammad Shoaib Ahmed,Syed Mohammad,Not Available
711,13763,D du Preez,Right hand Bat,Right arm Fast medium,Not Specifed,Dillon du Preez,Dillon du,Not Available
712,3393,AJ Turner,Right hand Bat,Right arm Offbreak,Not Specifed,Ashton James Turner,Ashton James,Not Available
713,15818,RV Gomez,Right hand Bat,Right arm Medium,Not Specifed,Raiphi Vincent Gomez,Raiphi Vincent,Not Available
714,389,SS Iyer,Right hand Bat,"Right arm Offbreak, Legbreak Googly",Not Specifed,Shreyas Santosh Iyer,Shreyas Santosh,Not Available
715,12007,AC Gilchrist,Left hand Bat,Right arm Offbreak,Wicketkeeper,Adam Craig Gilchrist,Adam Craig,"https://img1.hscicdn.com/image/upload/f_auto,t_ds_w_1280,q_80/lsci/db/PICTURES/CMS/319600/319684.png"
716,1377,E Lewis,Left hand Bat, ,Not Specifed,Evin Lewis,Evin Lewis,Not Available
717,4058,SS Cottrell,Right hand Bat,Left arm Fast medium,Not Specifed,Sheldon Shane Cottrell,Sheldon Shane,Not Available
718,37119,Parvez Rasool,Right hand Bat,Right arm Offbreak,Not Specifed,Parvez Ghulam Rasool Zargar,Parvez Ghulam,Not Available
719,1419,Mujeeb Ur Rahman,Right hand Bat,Right arm Offbreak,Not Specifed,Mujeeb Ur Rahman,Mujeeb Ur,Not Available
720,12010,A Symonds,Right hand Bat,"Right arm Medium, Right arm Offbreak",Not Specifed,Andrew Symonds,Andrew Symonds,Not Available
721,13267,Harmeet Singh,Right hand Bat,Right arm Medium,Not Specifed,Harmeet Singh Bansal,Harmeet Singh,Not Available
722,3246,JL Denly,Right hand Bat,Legbreak,Not Specifed,Joseph Liam Denly,Joseph Liam,Not Available
723,13250,RS Bopara,Right hand Bat,Right arm Medium,Not Specifed,Ravinder Singh Bopara,Ravinder Singh,Not Available
724,613,Washington Sundar,Left hand Bat,Right arm Offbreak,Not Specifed,Washington Sundar,Washington Sundar,https://www.espncricinfo.com/cricketers/washington-sundar-719715
725,7024,Shashank Singh,Right hand Bat,"Right arm Medium, Right arm Offbreak",Not Specifed,Shashank Singh,Shashank Singh,https://www.espncricinfo.com/cricketers/shashank-singh-377534
726,4047,A Nortje,Right hand Bat,Right arm Fast,Not Specifed,Anrich Arno Nortje,Anrich Arno,Not Available
727,1559,A Dananjaya,Left hand Bat,"Right arm Offbreak, Legbreak",Not Specifed,Mahamarakkala Kurukulasooriya Patabendige Akila Dananjaya Perera,Mahamarakkala Kurukulasooriya,Not Available
728,495,S Kaul,Right hand Bat,Right arm Medium,Not Specifed,Siddarth Kaul,Siddarth Kaul,Not Available
729,1580,Shubman Gill,Right hand Bat,Right arm Offbreak,Not Specifed,Shubman Gill,Shubman Gill,https://ipl-stats-sports-mechanic.s3.ap-south-1.amazonaws.com/ipl/playerimages/Shubman%20Gill.png
730,34089,KH Devdhar,Right hand Bat, ,Wicketkeeper,Kedar Hemant Devdhar,Kedar Hemant,Not Available
731,1409,KL Rahul,Right hand Bat, ,Wicketkeeper,Kannaur Lokesh Rahul,Kannaur Lokesh,https://ipl-stats-sports-mechanic.s3.ap-south-1.amazonaws.com/ipl/playerimages/KL%20Rahul.png
732,34304,M de Lange,Right hand Bat,Right arm Fast,Not Specifed,Marchant de Lange,Marchant de,Not Available
733,11961,WA Mota,Right hand Bat,Right arm Medium,Not Specifed,Wilkin Arvind Mota,Wilkin Arvind,Not Available
734,51,MS Gony,Right hand Bat,Right arm Medium,Not Specifed,Manpreet Singh Gony,Manpreet Singh,Not Available
735,36609,X Thalaivan Sargunam,Right hand Bat,Right arm Offbreak,Not Specifed,Xavier Thalaivan Sargunam,Xavier Thalaivan,Not Available
736,13198,A Flintoff,Right hand Bat,Right arm Fast medium,Not Specifed,Andrew Flintoff,Andrew Flintoff,Not Available
737,3076,SC Kuggeleijn,Right hand Bat,Right arm Fast medium,Not Specifed,Scott Christopher Kuggeleijn,Scott Christopher,Not Available
738,219,AS Rajpoot,Right hand Bat,Right arm Medium,Not Specifed,Ankit Singh Rajpoot,Ankit Singh,Not Available
739,230,SL Malinga,Right hand Bat,Right arm Fast,Not Specifed,Separamadu Lasith Malinga,Separamadu Lasith,https://ipl-stats-sports-mechanic.s3.ap-south-1.amazonaws.com/ipl/playerimages/Lasith%20Malinga.png
740,1386,M Markande,Right hand Bat,Legbreak,Not Specifed,Mayank Markande,Mayank Markande,https://www.espncricinfo.com/cricketers/mayank-markande-1081442
741,75,MM Sharma,Right hand Bat,Right arm Medium,Not Specifed,Mohit Mahipal Sharma,Mohit Mahipal,https://ipl-stats-sports-mechanic.s3.ap-south-1.amazonaws.com/ipl/playerimages/Mohit%20Sharma.png
742,12014,SB Bangar,Right hand Bat,Right arm Medium fast,Not Specifed,Sanjay Bapusaheb Bangar,Sanjay Bapusaheb,Not Available
743,12147,Sohail Tanvir,Left hand Bat,Left arm Medium fast,Not Specifed,Sohail Tanvir,Sohail Tanvir,"https://img1.hscicdn.com/image/upload/f_auto,t_ds_square_w_160/lsci/db/PICTURES/CMS/320400/320472.1.png"
744,37979,BR Dunk,Left hand Bat,Right arm Offbreak,Wicketkeeper,Ben Robert Dunk,Ben Robert,Not Available
745,308,I Sharma,Right hand Bat,Right arm Fast medium,Not Specifed,Ishant Sharma,Ishant Sharma,https://www.espncricinfo.com/cricketers/ishant-sharma-236779
746,9371,Akash Madhwal,Right hand Bat,Right arm Medium fast,Not Specifed,Akash Madhwal,Akash Madhwal,https://www.espncricinfo.com/cricketers/akash-madhwal-1206039
747,40813,SM Boland,Right hand Bat,Right arm Fast medium,Not Specifed,Scott Michael Boland,Scott Michael,Not Available
748,9931,H Sharma,Right hand Bat,Legbreak,Not Specifed,Himanshu Sharma,Himanshu Sharma,Not Available
749,13497,AA Bilakhia,Right hand Bat,Right arm Medium,Not Specifed,Azharuddin Anjum Bilakhia,Azharuddin Anjum,Not Available
750,35153,MJ Clarke,Right hand Bat,Slow Left arm Orthodox,Not Specifed,Michael John Clarke,Michael John,Not Available
751,8372,HC Brook,Right hand Bat,Right arm Medium,Not Specifed,Harry Cherrington Brook,Harry Cherrington,Not Available
752,11919,SC Ganguly,Left hand Bat,Right arm Medium,Not Specifed,Sourav Chandidas Ganguly,Sourav Chandidas,Not Available
753,4,KM Jadhav,Right hand Bat,Right arm Offbreak,Not Specifed,Kedar Mahadav Jadhav,Kedar Mahadav,Not Available
754,29,KA Pollard,Right hand Bat,Right arm Medium,Not Specifed,Kieron Adrian Pollard,Kieron Adrian,Not Available
755,6713,PBB Rajapaksa,Left hand Bat,Right arm Medium,Not Specifed,Pramod Bhanuka Bandara Rajapaksa,Pramod Bhanuka,Not Available
756,14622,SE Bond,Right hand Bat,Right arm Fast,Not Specifed,Shane Edward Bond,Shane Edward,Not Available
757,2329,JPR Scantlebury-Searles,Right hand Bat,Right arm Fast medium,Not Specifed,Javon Philip Ramon Scantlebury-Searles,Javon Philip,Not Available
758,172,P Negi,Left hand Bat,Slow Left arm Orthodox,Not Specifed,Pawan Negi,Pawan Negi,Not Available
759,12032,DPMD Jayawardene,Right hand Bat,Right arm Medium,Not Specifed,Denagamage Proboth Mahela de Silva Jayawardene,Denagamage Proboth,Not Available
760,604,MG Johnson,Left hand Bat,Left arm Fast,Not Specifed,Mitchell Guy Johnson,Mitchell Guy,Not Available
761,12738,RR Powar,Right hand Bat,Right arm Offbreak,Not Specifed,Ramesh Rajaram Powar,Ramesh Rajaram,Not Available
762,14726,FY Fazal,Left hand Bat,Right arm Medium,Not Specifed,Faiz Yakub Fazal,Faiz Yakub,Not Available
763,11951,M Muralitharan,Right hand Bat,Right arm Offbreak,Not Specifed,Muthiah Muralidaran,Muthiah Muralidaran,Not Available
764,6880,JM Sharma,Right hand Bat, ,Wicketkeeper,Jitesh Mohan Sharma,Jitesh Mohan,Not Available
765,12465,DT Patil,Right hand Bat, ,Wicketkeeper,Devraj Thyagaraj Patil,Devraj Thyagaraj,Not Available
766,11953,JR Hopes,Right hand Bat,Right arm Medium,Not Specifed,James Redfern Hopes,James Redfern,Not Available
767,6885,VG Arora,Right hand Bat,Right arm Fast medium,Not Specifed,Vaibhav Gopal Arora,Vaibhav Gopal,Not Available
768,9225,AJ Hosein,Left hand Bat,Slow Left arm Orthodox,Not Specifed,Akeal Jerome Hosein,Akeal Jerome,Not Available
769,16862,CJ Ferguson,Right hand Bat,Right arm Medium,Not Specifed,Callum James Ferguson,Callum James,Not Available
770,14985,KAJ Roach,Right hand Bat,Right arm Fast medium,Not Specifed,Kemar Andre Jamal Roach,Kemar Andre,Not Available
771,400,EJG Morgan,Left hand Bat,Right arm Medium,Occasional Wicketkeeper,Eoin Joseph Gerard Morgan,Eoin Joseph,Not Available
